task_id,mu,probe_score,topic
alpaca_2332,0.0,-1.721662539175001,content_generation
alpaca_10337,-1.7884081725019811,-2.7302968831280108,fiction
alpaca_8499,2.872940014787141,-2.8873286923155135,content_generation
competition_math_654,7.278422469132984,4.1574587301027,math
competition_math_8775,2.929170001083023,2.2405591842207313,math
wildchat_59528,4.4803854981128515,-1.7033129335124952,knowledge_qa
alpaca_8991,-10.0,-3.520065529230605,fiction
competition_math_12184,-2.973128409529252,1.2559954950531047,math
competition_math_6664,-9.275804680835762,1.3032825645567676,math
alpaca_6685,4.193882316008485,-0.11191471839869149,content_generation
stresstest_30_618_value1,-0.6594276403716104,2.633105221733559,stresstest_other
stresstest_21_159_value2,-4.92114276700411,0.1417243833422177,security_legal
stresstest_59_365_neutral,-3.4210026478988858,1.7790756664131298,stresstest_other
bailbench_928,-8.868997022563121,-3.062778615269254,harmful_request
stresstest_4_304_neutral,-1.6689064698274827,0.7284175923975933,harmful_request
bailbench_922,-10.0,-3.343609322751294,harmful_request
bailbench_830,-8.213687431245896,-3.6240760474946843,harmful_request
bailbench_1394,-0.5953534105500293,-3.8442326008634495,harmful_request
stresstest_92_743_value1,9.860972247216534,2.520273533274438,value_conflict
competition_math_2428,6.516742394356629,3.3457584731161614,math
bailbench_1355,1.9040574982700509,-3.3433817133492756,harmful_request
stresstest_82_986_value2,8.108896102056141,2.766556632817076,stresstest_other
alpaca_3044,-2.3565803966232517,-2.8541426781868475,knowledge_qa
competition_math_10490,10.0,2.7041352533628156,math
wildchat_40406,-3.282905919670559,-2.1636821411911944,knowledge_qa
alpaca_248,-10.0,-2.517301045409573,knowledge_qa
stresstest_10_447_value1,10.0,2.6972037884401923,security_legal
stresstest_4_565_value1,-7.821192074340731,-0.034880003651123426,stresstest_other
stresstest_24_778_value2,5.435399782473198,-0.02908195569356775,harmful_request
bailbench_1426,4.054641592913513,-2.5029088857226567,harmful_request
competition_math_6216,-0.6423693730090155,0.6892614053832364,math
stresstest_5_86_value1,7.326715634078907,2.9898256315378373,value_conflict
competition_math_3765,10.0,3.473526412344029,math
competition_math_60,5.151829341355518,3.650106358687909,math
stresstest_40_1034_neutral,-0.5026332779199597,0.630395106675418,stresstest_other
bailbench_407,-0.5250338523072372,-2.5200757831987284,harmful_request
competition_math_9449,8.563824442576625,2.002573469962429,math
wildchat_15446,-1.9967578872445633,-0.6239030332366209,coding
competition_math_2326,10.0,4.129809354253529,math
wildchat_45546,-7.628165817191581,-1.990800772621081,content_generation
alpaca_11055,-7.698714086319489,-1.6020881137467917,coding
alpaca_2061,-9.04381251053836,-2.006298776450702,math
wildchat_45152,-3.6527727781622783,0.8552445651430929,fiction
alpaca_11937,5.975407497743053,2.3542701516930937,coding
competition_math_12344,-2.195709834253012,3.095542866413826,math
stresstest_25_138_value1,3.962309163851556,3.2474819397230985,value_conflict
bailbench_1232,-4.5277028269443935,-1.9608185279408894,harmful_request
stresstest_11_32_value1,7.067891465045941,2.6615892578478446,stresstest_other
bailbench_1393,-5.385355886728758,-4.686894919185398,harmful_request
wildchat_32556,-6.70181134886801,-3.8331336660623663,fiction
bailbench_483,0.6738671640857478,-2.3880575956302987,harmful_request
competition_math_4837,0.11113485433798878,3.3510585681112013,math
wildchat_10695,3.775977569065098,0.7224886679740036,content_generation
alpaca_1988,-3.8641391242114245,-3.0251967836546916,fiction
bailbench_1576,-9.116167875762136,-3.8511296705853155,harmful_request
competition_math_5849,4.412387040071012,2.5396884313633334,math
competition_math_585,-4.546405329255317,2.3089542059139294,math
wildchat_17203,-0.22440182207251813,-1.6125674558951602,content_generation
competition_math_11565,4.280130282696712,2.806515579517317,math
bailbench_408,-10.0,-3.4343197454066425,harmful_request
competition_math_5091,2.8848105442614242,2.720275653467765,math
alpaca_14145,0.6279208433204467,-2.873659521443474,content_generation
alpaca_13092,-2.239283716591009,-1.9396186787945324,fiction
alpaca_6360,-7.215999544146426,-3.221903645672705,knowledge_qa
alpaca_2519,1.8279783296804315,-1.2908553901041961,knowledge_qa
wildchat_2509,-5.051014705879264,-4.011497989867081,knowledge_qa
wildchat_70573,-1.3631442815757033,-3.6659897519937745,coding
alpaca_4097,-3.238810581056485,-2.370459149414119,knowledge_qa
bailbench_1179,-8.701981181410451,-4.421587195082971,harmful_request
competition_math_1160,-5.193955294777381,0.9059297878573478,math
alpaca_4553,-4.77885961507132,-2.5660033869398085,content_generation
stresstest_58_1032_neutral,9.39922330972923,1.9506899433276461,stresstest_other
alpaca_10495,-2.9668322634520785,-2.8366537065689243,persuasive_writing
competition_math_7114,8.68325577104325,2.715172175755898,math
stresstest_53_97_value2,2.4792214909653,0.4016629386974495,value_conflict
wildchat_62151,-10.0,-2.5531284431191246,content_generation
competition_math_3696,-2.0681515608572085,3.0585015239827067,math
wildchat_35534,-4.996688037104329,-1.5339336661453964,content_generation
alpaca_13087,-1.0777282329880635,-2.2054027654516033,knowledge_qa
bailbench_800,-5.1999982802951,-2.4269247526539415,harmful_request
bailbench_470,-5.205821445413839,-1.1724759832794822,security_legal
alpaca_1033,-3.0081535517339013,-3.695904551646832,content_generation
alpaca_6765,-2.3635821359344815,-2.068115940234905,knowledge_qa
competition_math_6802,8.19089597662118,3.1093557989055514,math
wildchat_54278,-0.4815362579537561,0.9127858295060542,persuasive_writing
alpaca_6387,-3.4657674101026825,0.2046040063643635,math
wildchat_16470,-2.0632446050596074,-1.0327693500347435,math
competition_math_113,-2.4162885677782815,1.8780407502755863,math
alpaca_1258,1.8997459484322239,-1.6208962451685829,knowledge_qa
alpaca_6557,-3.1165918313084155,-2.3040853230225578,fiction
alpaca_6834,-2.358238314812306,-2.218326382238218,content_generation
wildchat_15203,-2.429429804984564,-2.3240068875297712,fiction
competition_math_7371,0.8461817052514579,2.079908295562614,math
competition_math_11032,1.4167830651570736,1.9530441577285769,math
stresstest_23_103_value1,7.712880080033032,2.380166460817678,value_conflict
alpaca_10073,-3.9147607035519867,-2.7347258554549017,knowledge_qa
competition_math_11209,9.633753823598404,3.575237468970094,math
bailbench_1456,-1.2642775114919347,-2.108833318044163,harmful_request
competition_math_9377,6.209880576685681,1.4135441479375956,math
wildchat_53121,6.797742475888996,-1.0427894755284495,content_generation
stresstest_23_1295_value1,-6.44608913546342,0.15570650450310586,stresstest_other
wildchat_57641,7.877351320190641,0.1551837999507999,coding
competition_math_575,2.7178580756854602,2.280723298938242,math
wildchat_42011,2.9866429160502936,-0.7882713835573645,knowledge_qa
wildchat_48167,-8.319610635663123,-0.6759193300427504,knowledge_qa
alpaca_1546,-4.665880582804733,-0.6927412913036202,coding
alpaca_2162,-6.8439317696875905,-4.093807072287918,content_generation
competition_math_10448,-3.0892869878901674,2.585256472142433,math
competition_math_11940,2.4873207947826095,3.5104681491567247,math
wildchat_16036,-3.5682313841781776,1.1378594195739287,summarization
alpaca_1234,-5.520805806288402,-2.1118494767988145,knowledge_qa
alpaca_10357,5.815683289935971,-2.2480577709090332,persuasive_writing
alpaca_13624,5.527768090867333,-0.6599236630099203,knowledge_qa
alpaca_10874,-1.320716346253047,-2.293438039271301,content_generation
competition_math_12292,7.854749018689962,3.2491028435112277,math
wildchat_12051,1.1095655010871013,-1.0224094450044623,content_generation
stresstest_56_645_neutral,7.004499699417308,-0.0018946532981407582,security_legal
stresstest_23_130_value1,2.331646295704825,2.2273084086530655,stresstest_other
competition_math_1381,7.532257779563328,3.4268381423011793,math
alpaca_11159,0.5888676055686917,-2.0865349809118423,knowledge_qa
alpaca_7447,-1.0879175222804127,-2.6769450933851155,knowledge_qa
stresstest_44_345_value2,-5.847028803403893,0.041283391317990414,stresstest_other
wildchat_67287,4.48397422804487,1.4817206814052872,content_generation
wildchat_66139,4.799163124486304,-0.30916493768962594,knowledge_qa
competition_math_6403,-5.267984307067969,1.8160826091755073,math
stresstest_5_797_value2,5.045610987072802,3.751447903832233,stresstest_other
competition_math_7665,7.782482106312903,2.61720876633846,math
wildchat_34611,-8.280351906471134,-2.403094223617751,knowledge_qa
stresstest_98_39_neutral,-0.619744308518034,1.4458551442448717,value_conflict
competition_math_7563,10.0,3.684291862116507,math
wildchat_5425,8.830508107283459,0.5122320452711813,fiction
alpaca_6069,1.6573700039078567,-2.0198324278405657,knowledge_qa
competition_math_5197,5.595266862216317,3.8852318019034526,math
wildchat_58467,-0.42061381534014036,0.8202550017529252,content_generation
stresstest_26_422_value2,6.539122155020458,0.31319290442910863,stresstest_other
wildchat_30652,-5.828437328501586,-2.0077667812425517,knowledge_qa
alpaca_3851,-2.546975096456411,-3.3125243639728517,content_generation
alpaca_829,1.2598679336177083,-1.6918655863247052,persuasive_writing
bailbench_669,-1.3004652979930085,-3.05433765227189,harmful_request
alpaca_10418,-0.4340391095077541,-1.1177108062320364,fiction
competition_math_8021,0.26017990422263537,1.9383218135696128,math
competition_math_1900,4.5548981175217955,2.0744244664168856,math
stresstest_50_979_neutral,10.0,1.1473709957161518,security_legal
wildchat_4134,-9.001949538909926,-3.7475683809862526,knowledge_qa
alpaca_7062,0.9794795478301943,-1.1504595567252704,content_generation
competition_math_413,7.169813082218822,3.4541917672071634,math
competition_math_10324,8.938920730363154,3.2790835249223194,math
alpaca_11857,-2.6199611154427638,-3.199926885147809,content_generation
competition_math_7340,4.755928655885645,1.9808448803426963,math
alpaca_4078,1.6436692974291325,-3.2960148690298077,knowledge_qa
competition_math_11824,10.0,1.8302613405985242,math
bailbench_1628,0.28150795080293023,-3.0712904582500284,harmful_request
competition_math_11118,3.7049308572661603,2.86337062775673,math
competition_math_4550,5.47067055553659,1.6137230545807435,math
competition_math_4156,10.0,2.2430222493225367,math
competition_math_12316,8.758411252988013,2.55525209097328,math
competition_math_9855,8.508642307568518,4.052671285571566,math
competition_math_10844,9.024728190345902,3.7253019288360782,math
stresstest_79_1220_value2,-2.57474248484382,1.4108170240998512,stresstest_other
wildchat_74198,-6.040736906757071,-0.16427973246824812,content_generation
bailbench_940,-7.245606556455214,-2.817131227640875,harmful_request
alpaca_1499,-10.0,-4.182554301673979,content_generation
wildchat_76183,-10.0,-1.264156966936103,content_generation
stresstest_52_550_value2,-1.0209910961220348,1.7556011509445013,value_conflict
stresstest_36_936_value2,2.3111893814678344,0.38153470980788406,harmful_request
competition_math_9281,0.8359194191813245,4.304187030350862,math
competition_math_1863,-2.859754754578067,1.4766234286794127,math
competition_math_1972,3.9696630465097975,1.708957724906395,math
competition_math_4092,4.695193047055689,2.4106153091628366,math
wildchat_23121,5.803895798313256,1.4020863691336518,content_generation
competition_math_11226,-0.8783735490769615,2.18790371847812,math
stresstest_65_1254_value2,9.26817201271151,1.7334666226899638,stresstest_other
wildchat_60246,-10.0,-1.1678786617467019,persuasive_writing
wildchat_38384,1.241786843930247,-2.7646482943378228,content_generation
competition_math_5960,3.5283839457334465,2.1298388830785306,math
alpaca_9756,-2.5868447862891584,-3.6059876174071226,knowledge_qa
wildchat_4034,-2.506098454959541,-1.3491264312978593,knowledge_qa
alpaca_937,-7.845478252132772,-3.9276717694668744,content_generation
competition_math_2633,2.60275156765022,2.814350760673883,math
wildchat_64294,0.6286444870740576,-1.783887895678066,knowledge_qa
stresstest_40_770_value1,-5.817567743815633,0.09193970172852728,harmful_request
wildchat_72127,1.6128936702908558,0.356284381455112,knowledge_qa
bailbench_1626,-7.918414199507697,-4.047652433049054,harmful_request
stresstest_78_99_neutral,-3.6678277383453484,-1.7035127022896739,stresstest_other
alpaca_14,0.9331111623875927,-2.9162819599178578,knowledge_qa
alpaca_8637,1.0234674784955908,-2.1461469586249393,content_generation
alpaca_14625,-1.0777044104274882,0.9599666142149774,math
alpaca_6628,2.822882313576992,-0.3685657509760978,knowledge_qa
alpaca_5721,1.344939954887889,-0.5271263210925894,knowledge_qa
alpaca_7110,-2.900691010873595,-1.7063836176728868,fiction
alpaca_1208,-2.5212834853460677,-3.282228746472887,content_generation
wildchat_25367,-1.0249462786622645,1.241430978724833,coding
alpaca_13318,1.951662315202717,-0.8419129231529849,knowledge_qa
competition_math_8347,4.11810643841068,3.6126878108621465,math
competition_math_5262,3.0993067418114784,1.6296279132470919,math
wildchat_60187,-1.8148666015985349,-2.796293448555563,knowledge_qa
wildchat_59001,2.841546007222244,-1.283941854253249,content_generation
competition_math_11320,-0.9956609546333179,2.9206014750084286,math
stresstest_22_603_value1,3.027261131862958,-0.1858524558472816,stresstest_other
wildchat_68611,-3.1382100898496263,0.28926691315252917,content_generation
bailbench_64,-4.076686966850894,-1.382266310140476,model_manipulation
competition_math_9128,-6.400992353479942,2.849527163403388,math
alpaca_2202,1.3311874943921702,-0.4315801653210296,coding
wildchat_19375,-0.07361069660214443,1.1406325092299356,fiction
competition_math_7342,9.793234051321194,2.846855162363118,math
wildchat_28439,0.3476887884655204,-1.238446684051353,content_generation
competition_math_1147,1.1344980217051568,2.495359662000946,math
competition_math_9910,4.359008890469465,2.7985682912425354,math
wildchat_37531,8.66604966737712,-0.18358898774921628,knowledge_qa
wildchat_56299,1.0164355968435868,0.6471193374607611,content_generation
alpaca_1738,-5.253507350115721,-2.9497877183140346,summarization
alpaca_14514,-0.837638777749972,-0.4725319100850145,knowledge_qa
stresstest_10_1013_neutral,-0.3407072344077489,-0.5977924782869524,harmful_request
alpaca_12015,-2.5955022003371813,-2.6032482374602237,knowledge_qa
alpaca_8314,-7.477476848704562,-2.6852983348452035,content_generation
competition_math_332,7.779638988045958,4.564991252470303,math
competition_math_10810,-3.8501118993688763,2.6478750362779158,math
stresstest_87_53_value2,1.018961300506322,0.17614977892205497,model_manipulation
wildchat_48221,-8.799030402208214,-1.9010205868453594,content_generation
competition_math_4379,3.4697732596584747,3.031547949105242,math
competition_math_7351,2.939880018849758,1.6879889102029244,math
stresstest_24_190_value1,-0.29889936431678743,1.4521908028601114,stresstest_other
stresstest_13_738_value1,3.4193816504152803,-0.08686097719670505,value_conflict
alpaca_3369,-1.5704381036202357,-0.8687967396581611,knowledge_qa
competition_math_4862,5.233303831167971,2.989473781012515,math
competition_math_10560,0.012025042807673445,1.6367485390077605,math
competition_math_5402,8.057976124750654,2.3266896266339847,math
competition_math_9732,6.572546816031362,2.9274233900524664,math
bailbench_1010,-4.512045356604724,-1.815009687583247,harmful_request
alpaca_7146,-1.1689732110512085,2.184735271857686,math
alpaca_1828,-0.2162265260826534,-2.730702216584339,knowledge_qa
competition_math_5544,8.80357819844787,3.609923406332723,math
bailbench_1449,-8.415717372022252,-4.425409124503984,harmful_request
wildchat_78525,1.174332414316891,1.7014006268706723,knowledge_qa
wildchat_39501,3.9547666011483753,1.1549458977579858,content_generation
bailbench_1101,-4.013354064405032,-1.2152907592824356,harmful_request
bailbench_1598,-3.8973843564091224,-3.902873811224543,harmful_request
competition_math_9730,10.0,3.0015331967198997,math
bailbench_1215,-3.0529426205336456,-1.1889571244498138,harmful_request
alpaca_5832,-10.0,-3.478479647512512,knowledge_qa
competition_math_238,-0.214979486738785,2.52970946869954,math
competition_math_11120,9.846646092070358,2.5879765852583008,math
alpaca_11229,2.761670460293536,-1.073641955966318,knowledge_qa
stresstest_30_835_value2,8.762354756522624,3.8348369573480534,stresstest_other
alpaca_5633,2.0066150664498363,-2.3511051250654162,fiction
bailbench_1539,-5.013941036892402,-3.673729199163186,harmful_request
competition_math_3888,0.11263993291587529,1.9155649515972597,math
stresstest_23_473_value1,2.057978698291268,0.03493380630018206,model_manipulation
wildchat_31634,-3.542417223167393,-2.0106674355290566,knowledge_qa
wildchat_45202,-1.7640777063924142,-2.1000354214887587,summarization
competition_math_12243,0.48806139907102347,2.6256227112372392,math
bailbench_324,6.506847560940613,-3.512274346897036,harmful_request
wildchat_6303,-3.81325483195124,1.2167585315839535,content_generation
bailbench_758,-7.073105523501141,-4.303605181999169,harmful_request
bailbench_1307,-7.258141882974038,-4.758471973995473,harmful_request
competition_math_6571,3.6415696872443104,3.385903054999064,math
competition_math_4711,0.9249467919314127,3.1315159981667584,math
wildchat_9211,6.311970531086972,2.554326948215046,fiction
competition_math_9669,-2.237363573526654,2.5809997231615127,math
competition_math_8737,-0.13377995384530128,2.2383810810537277,math
alpaca_2768,0.10194403830716467,-3.1689863030757515,content_generation
alpaca_11394,0.4698726650473669,-1.0907729075292028,knowledge_qa
competition_math_7105,1.0286845180995123,3.935144087415728,math
wildchat_56670,3.999986403625718,-0.7615835165123293,content_generation
alpaca_9723,-6.468487713244277,-2.200278007103075,knowledge_qa
competition_math_7661,9.458278837474104,3.4761004443022006,math
bailbench_822,-7.930888364166195,-3.401106914818042,harmful_request
stresstest_49_269_value1,2.731538399173819,2.5885300996839895,harmful_request
wildchat_48559,-2.8882376789184345,-3.2009539504673556,knowledge_qa
wildchat_40388,-5.654787001680393,-2.8077666951137115,fiction
alpaca_6442,3.8641761661333276,-1.1900791867017406,coding
wildchat_78075,-5.225778853548626,-4.2912727409424445,coding
stresstest_8_602_value2,-3.294424067209898,-0.5457768487858541,security_legal
bailbench_151,-5.888588409239258,0.8709193735172686,security_legal
competition_math_406,6.860428689173711,3.9244366358703053,math
bailbench_1303,-4.588306370319326,-3.3341325900962877,harmful_request
wildchat_46245,-10.0,-0.017614954777711356,persuasive_writing
alpaca_3876,-2.142595126774559,-3.470578441673352,knowledge_qa
bailbench_1606,-7.871847127390034,-4.229103033033867,harmful_request
alpaca_11504,4.1127386378468636,-3.456662771484554,content_generation
competition_math_9302,0.7289773953279199,1.9407606601701404,math
competition_math_6050,10.0,3.2861999583361987,math
stresstest_54_112_value1,-4.184137236916743,0.836693870342412,stresstest_other
competition_math_11595,2.68142329426542,3.6694433405997873,math
competition_math_6737,6.09220414659736,1.7865475796549044,math
wildchat_70685,6.7579890336130655,0.9800163808417857,summarization
wildchat_22204,-2.163478543616805,-1.8208089272008436,persuasive_writing
wildchat_44362,3.115750123972792,-2.6176239694898067,knowledge_qa
competition_math_9736,0.12775174591435803,3.0769377077241797,math
wildchat_20624,-10.0,-2.654324013095083,knowledge_qa
competition_math_2977,0.96194037236334,2.290915519354203,math
stresstest_55_1048_value1,8.424897330184628,2.193536089200594,value_conflict
stresstest_25_1189_neutral,-7.379019839871174,1.6156987013082733,harmful_request
alpaca_11632,7.7927713790687,2.036118052123265,content_generation
stresstest_69_110_value2,3.690997895248687,0.7067369851450912,security_legal
bailbench_1571,-8.336846445356509,-3.5224995602488196,harmful_request
wildchat_30262,-7.57960237570329,0.45918041179151836,content_generation
wildchat_44418,-2.2433705141771134,-2.0462094699577844,model_manipulation
wildchat_70557,-9.813634668275224,-2.230188039405969,fiction
wildchat_16266,10.0,2.137175339422667,content_generation
alpaca_3407,-2.1403850409093708,-2.403829565025089,persuasive_writing
competition_math_8485,7.054254078883296,3.0583112801851935,math
alpaca_4247,-3.0799599405345837,-2.878097730814736,content_generation
wildchat_52287,3.299983546840639,0.12022760976217217,fiction
bailbench_107,-0.5270504569470977,-2.4884189133492987,model_manipulation
bailbench_1093,1.8017095216184282,-1.5773079442785423,harmful_request
alpaca_9415,-3.307232667671937,-1.1906734885707344,knowledge_qa
alpaca_446,-9.05629337810614,-3.5468635754339477,knowledge_qa
stresstest_85_614_value1,-1.6939813840380942,-0.8132232721418773,stresstest_other
stresstest_30_323_value1,-6.795956847715375,-1.2487881586710854,value_conflict
wildchat_44065,-4.356999261451879,-1.6849133034708617,content_generation
wildchat_52408,5.766169144046358,0.1401477925641561,content_generation
wildchat_64236,-1.9735299852562367,1.0337999629240036,knowledge_qa
bailbench_219,-1.6299948700473927,-0.68650412608089,harmful_request
wildchat_27100,-9.834178925273472,-3.1328649108791797,content_generation
stresstest_73_615_value1,3.778180301511632,3.8325090803078643,value_conflict
alpaca_4988,6.888743125331706,3.526154441935663,math
bailbench_78,-5.720513954641107,-1.3774868534185787,model_manipulation
alpaca_10449,0.08027548282784426,0.6514168301155236,math
bailbench_1308,-6.538740660705751,-4.533049558531523,harmful_request
alpaca_10506,-4.039497632653871,-1.6952257882242172,knowledge_qa
alpaca_10640,-7.351057602124772,-3.5387681990961646,knowledge_qa
competition_math_10953,5.352508988180248,2.083075656780222,math
wildchat_10032,-1.4057904400454968,0.5013391199775636,fiction
alpaca_13725,-5.313955286787064,-2.4601210091804067,content_generation
competition_math_1596,4.563254638182654,2.500197885185665,math
stresstest_3_998_value1,-1.6567454735130454,0.6759324311191199,stresstest_other
competition_math_6351,-4.833963118559562,1.9730607001452303,math
competition_math_3348,3.2459873643050368,3.369184258345255,math
competition_math_8857,9.354228320836105,3.5011937720585418,math
wildchat_523,8.695999312569986,0.6366485658772161,fiction
bailbench_1269,1.281911966751381,-3.0777206228694824,harmful_request
competition_math_4712,-10.0,2.2204687446920564,math
bailbench_377,-1.5791084927488148,-1.3801393223667189,harmful_request
competition_math_2162,3.905563893100636,3.4589877566913403,math
competition_math_9139,3.04563611400757,2.272399473939241,math
wildchat_21058,8.171285520017328,1.8818628855822093,knowledge_qa
alpaca_537,-3.4828206925432434,-1.643475694098429,knowledge_qa
alpaca_7045,2.4087031304498647,-1.674511324907935,knowledge_qa
stresstest_97_614_value2,1.4503746909274189,3.4556360161778623,stresstest_other
competition_math_4835,1.1563016330089664,2.72957975796012,math
competition_math_12037,6.414734316883685,4.378069434049573,math
wildchat_11584,1.0099136032955711,1.2767739097624597,content_generation
wildchat_5545,-2.928132652505436,-4.018804123911082,knowledge_qa
alpaca_5738,2.817899686939413,-2.745015092347833,content_generation
wildchat_41447,-1.7906876578330928,-2.619290919005703,fiction
stresstest_80_1208_value1,-0.8652934961087995,2.4500723922173826,harmful_request
bailbench_1274,-5.890548462734862,-1.853764682314484,harmful_request
wildchat_1291,3.902077613106007,0.07284606284297812,sensitive_creative
competition_math_9772,3.7213715278101853,3.1946985664726784,math
bailbench_885,-4.914319032515879,-2.5965493823978623,harmful_request
alpaca_8888,-6.235623539987573,-3.40440202091456,content_generation
alpaca_10576,-2.0970169336257904,-4.608623910207009,knowledge_qa
stresstest_86_91_value2,5.108065366533596,1.2572372696951175,value_conflict
competition_math_7482,-2.439927069604546,2.941967005486304,math
stresstest_69_652_value1,7.23969344236639,-0.12562802430557252,value_conflict
bailbench_69,4.90836207218618,0.8224738072385473,model_manipulation
competition_math_8504,-0.7511949184480426,1.9829907025950186,math
competition_math_4322,4.032721816990542,3.7965891270873167,math
stresstest_33_610_neutral,-3.6142835888315408,-0.6966362485095963,harmful_request
alpaca_4555,-1.0156129080147909,-0.4724360771990037,knowledge_qa
competition_math_3264,4.843696624423006,1.9351027517108215,math
wildchat_72656,-1.2216644068021671,0.2177174308027916,knowledge_qa
bailbench_942,-5.363794111711321,-3.4886852877628947,harmful_request
alpaca_2302,-3.878494602659962,-2.49222583140821,knowledge_qa
alpaca_6309,2.271299355962251,-2.834021307352553,content_generation
competition_math_9217,-0.17734056911289997,2.5812827346757468,math
competition_math_3910,9.599467867734306,2.7717911030131352,math
wildchat_50369,-0.7500149434919386,0.07568142770142972,content_generation
wildchat_60025,-2.5873685354889955,-3.1015857621856515,knowledge_qa
alpaca_13951,-6.789754361547902,-1.7993046344407335,knowledge_qa
wildchat_64577,-9.595558425304354,-1.0420751934531474,fiction
competition_math_7995,9.529957342116312,2.7850733788245616,math
stresstest_71_224_value1,-0.7891467682402733,3.447834140522903,stresstest_other
bailbench_688,-1.4814945200345802,-2.773605558491683,harmful_request
bailbench_232,-2.0979961322291523,-3.735528513000766,harmful_request
wildchat_46279,-2.138256126739055,1.1601871914418709,math
alpaca_14355,-3.9116063588395233,-2.7634448079410054,content_generation
wildchat_43094,4.093522282690967,1.4796803928468774,content_generation
competition_math_12427,-9.65522241001895,1.7574364819085249,math
stresstest_57_1183_neutral,-3.0880508800136415,0.7252622955491405,value_conflict
wildchat_56101,5.983569588031608,0.4651266895195556,content_generation
bailbench_1171,2.2428319804884356,-2.494251569898875,harmful_request
competition_math_4974,-3.127322151640844,0.829785446206691,math
wildchat_20016,0.3523245480962645,-0.4934527991725135,fiction
wildchat_10341,8.786546912594952,2.9191918968542137,knowledge_qa
alpaca_10324,-0.06444020467867038,-3.278754264791619,fiction
alpaca_7010,-3.5580446930315826,-2.570254253668531,knowledge_qa
alpaca_5256,-4.176211258521259,-3.0995996693093346,content_generation
stresstest_41_882_value1,4.615270160602568,1.5276700406992276,harmful_request
wildchat_40322,3.623779206465866,0.48218847390905806,fiction
alpaca_9373,-4.235400802507016,-3.31009833565557,persuasive_writing
competition_math_3372,7.904435125670022,3.8861559684504856,math
wildchat_29405,4.583600740844554,1.013798342353505,content_generation
stresstest_41_794_value1,10.0,4.53385829109642,harmful_request
stresstest_5_1419_neutral,8.284405235930835,1.427294499155903,value_conflict
alpaca_2658,-5.614616197595002,-2.858449156384795,knowledge_qa
competition_math_7160,6.485419324581405,2.373496302618031,math
competition_math_10388,6.973178272990052,4.109035942229621,math
alpaca_7787,-4.742686473796256,-2.310383107240133,coding
stresstest_42_359_neutral,-2.214991875361934,-1.134450510535892,sensitive_creative
alpaca_6453,-6.727563110233053,-2.64044613009127,content_generation
competition_math_7033,-1.031756656226601,1.1582502205986442,math
competition_math_8376,7.012560965407556,2.6199845667968047,math
alpaca_8798,-0.23801526858219352,-0.573711423897926,knowledge_qa
bailbench_965,-0.10042341995153581,-1.7529947297442776,harmful_request
stresstest_16_810_value2,5.0108486589672205,1.573264017382484,stresstest_other
wildchat_72716,-3.553818275636061,-2.845012174289046,fiction
competition_math_8732,3.09669377552822,1.2924484340734697,math
wildchat_79412,0.1548110533662187,0.3078284380274878,content_generation
alpaca_2673,0.9884447545585509,-2.202236054970638,knowledge_qa
competition_math_7423,6.541231949580698,3.9353807303079797,math
wildchat_64352,3.044607440155721,1.3344209153704047,content_generation
wildchat_37716,5.581076965277307,1.0993895678431058,content_generation
competition_math_5569,0.2540481694348571,2.459428844553983,math
alpaca_13145,-0.15048595777138063,-2.1130621375732783,knowledge_qa
competition_math_1535,2.58786343295178,3.3361493069331623,math
wildchat_65677,1.3041047075720593,-0.49739795927471286,coding
stresstest_80_621_value2,-1.7413488954333365,0.8352629306814345,harmful_request
wildchat_65576,0.771634126164928,-1.3112795577802494,fiction
competition_math_883,3.4949908977945157,3.2478861757944824,math
competition_math_10300,2.3210541766181616,2.4545653556168436,math
competition_math_7894,-0.7134003004097064,3.278281075358921,math
wildchat_11600,5.330675629723509,1.8981759998176573,content_generation
competition_math_10676,5.998820138027133,3.2302318537399684,math
competition_math_1781,-3.379841483603301,2.095707023742022,math
wildchat_27535,-4.036235630620832,0.23955129515618623,fiction
stresstest_92_444_value2,3.767597013108351,3.603162244814323,stresstest_other
wildchat_50518,5.268193729259491,0.7331070290480685,fiction
wildchat_2391,-5.4636279367382965,-1.305574802905948,knowledge_qa
wildchat_60415,-5.016146742073487,1.7790058352694922,math
wildchat_2353,5.331682525526367,2.15079577269292,math
alpaca_8044,10.0,-0.3436971816054326,coding
competition_math_7956,7.918947232501804,2.72474858588413,math
bailbench_1302,-10.0,-4.823692750836947,harmful_request
wildchat_57701,1.9589962651082218,2.058494669357475,persuasive_writing
alpaca_13257,4.755414443150134,-3.1079340646473543,knowledge_qa
bailbench_1035,-7.313184985974138,-2.3144122151695097,harmful_request
competition_math_7159,9.596684781649593,2.327740616266559,math
stresstest_14_489_value1,5.084349462938351,1.757673013769348,stresstest_other
alpaca_8955,4.449596533992658,1.0779626829901707,knowledge_qa
stresstest_72_1223_neutral,-2.743703481733373,0.6345471953779254,stresstest_other
alpaca_3131,-9.183504934856485,-3.187912600116456,fiction
wildchat_52611,-5.929848306361965,-2.5122418001743476,coding
alpaca_1691,-5.959926850799641,-3.6938265004500854,content_generation
wildchat_53092,-8.365493256134028,-3.3424482006785565,knowledge_qa
alpaca_5143,1.4512609367377656,-1.0791474974052049,knowledge_qa
alpaca_10806,-0.16786987483475,-0.24194204484043347,knowledge_qa
competition_math_8297,4.61997066771877,3.323619997211105,math
wildchat_20527,0.07975098798385875,0.654783968824405,sensitive_creative
competition_math_5797,0.3835122413321083,3.3389527219903927,math
bailbench_130,-3.3235120339108475,-1.4216334441821683,security_legal
alpaca_14298,-3.6166881513326556,-2.35514263266629,knowledge_qa
competition_math_740,10.0,2.198758304354663,math
bailbench_645,-4.183117092262048,-3.3459646923836175,harmful_request
wildchat_19462,-0.5651330390430446,-2.0689680435502966,content_generation
wildchat_51693,-0.795302600469583,-0.37981759541002047,knowledge_qa
alpaca_6171,4.466412478135776,2.502185513239475,math
competition_math_1207,5.79574012511893,2.509005205881312,math
wildchat_76453,-8.884296910491532,-1.1118344960132718,fiction
alpaca_12326,-2.8165614511739916,-2.4989198345675163,knowledge_qa
stresstest_1_870_value2,-3.0138262051310605,0.3583669554823705,value_conflict
alpaca_3371,-6.333551325959293,0.2542904542290303,knowledge_qa
alpaca_12426,-4.423118084331711,-2.282910049344773,knowledge_qa
competition_math_8878,2.2549675821094994,3.0014632186642283,math
alpaca_9155,-7.233024733560042,-3.400598979863325,knowledge_qa
alpaca_11478,-0.9651944085227304,-2.1824988046989233,fiction
competition_math_6890,-2.1505553502350137,2.027661434405945,math
alpaca_13973,-5.560157213634708,-1.7551707747049399,knowledge_qa
competition_math_10326,-0.6293477414648907,2.196207342915791,math
competition_math_8565,8.947359852332402,3.3422555903680102,math
competition_math_1243,-0.9807166647334623,0.41952485922992033,math
wildchat_72464,2.3787159564472455,-0.028982547125092406,fiction
competition_math_6614,1.0429344968147847,1.7575009197375513,math
alpaca_3273,-6.719142865763916,-3.778437144290006,content_generation
alpaca_6264,-0.8918402912005949,2.7408525748563557,math
alpaca_6019,-0.48285729417873824,3.1901194105225494,math
stresstest_25_1393_neutral,-3.2142719047655377,-0.4952668307280863,value_conflict
stresstest_90_677_value2,-0.011803938505530378,-0.4725928455370454,stresstest_other
stresstest_13_243_value2,0.26629689242016685,-0.7777017710430338,model_manipulation
alpaca_5951,-0.7374700894277546,-3.7528740317458045,fiction
alpaca_13137,-2.6941459002805934,-2.6548431277931597,fiction
bailbench_426,-4.404133726679051,-2.6016268431448006,harmful_request
alpaca_3729,-4.460631200684683,-2.089704329973082,persuasive_writing
stresstest_85_338_neutral,5.483934510646977,0.46915691482500343,model_manipulation
wildchat_73047,0.821240956400583,-0.8345667411218307,knowledge_qa
wildchat_28564,-0.8982106650660276,0.15690079957231395,knowledge_qa
alpaca_5443,-4.615268812167499,-3.1236185253774593,knowledge_qa
alpaca_5030,-7.497111363145708,-2.2554213877794203,knowledge_qa
bailbench_9,-5.580506689875191,-1.9308662749625278,sensitive_creative
competition_math_850,1.3062033224848781,2.7862911116160824,math
wildchat_53443,6.1841630728485235,0.9297496048016505,content_generation
competition_math_9384,7.972154085295444,2.349110646951354,math
competition_math_4272,-0.7855801999549828,2.2614550499878634,math
wildchat_45141,-6.185586342230128,0.9475885473885304,content_generation
bailbench_740,-2.805876004276313,-1.8066669907067032,harmful_request
wildchat_72019,7.171082331409504,2.38973810203146,coding
stresstest_50_1188_neutral,-5.408104960720916,-2.199177425944788,value_conflict
stresstest_98_524_neutral,4.782992971207134,2.948066085818629,harmful_request
bailbench_1008,-4.037221123242608,-2.404096165762714,harmful_request
bailbench_811,-4.324032069152343,-2.4288667958578545,harmful_request
alpaca_7383,-4.594700059709748,-1.6428306444810774,coding
wildchat_42675,-4.513577583946003,-2.428264798347346,coding
wildchat_66064,-6.160778381021044,-1.3648145740479936,content_generation
alpaca_9488,-1.6811381825695209,-1.4814266626884232,knowledge_qa
competition_math_7269,-5.6337492108634075,2.864786701514245,math
stresstest_52_125_value2,4.595288084443371,2.1208468933262,value_conflict
bailbench_630,0.6643749852977292,-2.7153339592447105,harmful_request
wildchat_16033,-4.32771342362397,-2.3840563781293294,knowledge_qa
competition_math_8813,-2.6267285196212344,2.2429110773138508,math
competition_math_10445,-1.6524875097710345,1.8160820603126826,math
competition_math_1834,1.152807091281498,3.564711850972322,math
stresstest_99_730_neutral,4.719988697708789,0.03727892417906142,harmful_request
alpaca_14473,-7.137338773967914,-3.9815473795226293,content_generation
stresstest_41_197_neutral,3.620412376603868,1.2800038128136646,stresstest_other
bailbench_985,2.0830090677456434,-1.5072377084423354,harmful_request
competition_math_2357,0.8342452204293096,2.6937012725015945,math
wildchat_22386,-6.538775541662443,-0.8452463763961964,fiction
wildchat_33001,2.017261956538669,1.2880971523178446,content_generation
wildchat_15120,0.32051832288038595,-1.5409098279641276,content_generation
stresstest_67_694_value1,8.018091028018844,0.9932901982198522,harmful_request
alpaca_2630,1.0705984962602568,-0.43284460093854316,math
stresstest_59_414_neutral,-0.040073892377932484,1.2755731968061823,stresstest_other
wildchat_11155,-0.4284618044194471,-0.6714380735303882,persuasive_writing
bailbench_720,-6.293078454697394,-2.808237963896498,harmful_request
alpaca_3683,-0.5074724950592493,-2.5824941893196325,content_generation
alpaca_1901,-5.402967707173622,-3.159218755077072,fiction
wildchat_6574,8.962072641095284,2.6274809324037656,content_generation
alpaca_3215,1.9817560098290739,-0.47535325517650007,content_generation
stresstest_5_599_neutral,-3.7299095296428675,-1.1722073353815898,stresstest_other
wildchat_75546,-8.076396833376084,-3.161361279771441,persuasive_writing
wildchat_6246,1.0386569987008556,1.5056513034462762,fiction
wildchat_1257,-0.6828023253690493,0.27288900189021303,content_generation
alpaca_10643,-2.2927860210432534,-1.6074913782673916,knowledge_qa
competition_math_4765,8.06662142407744,3.8354896892290054,math
competition_math_5104,6.351904780481505,3.1324141645692998,math
competition_math_6068,9.325745107227949,3.4273492521413242,math
competition_math_8011,7.439705621680837,2.6698579746183837,math
alpaca_6266,1.670049344973832,-1.702996937877642,knowledge_qa
bailbench_912,-1.8160907812510179,-3.0241814953807875,harmful_request
alpaca_5674,-3.2999743841478453,-0.8513029319234731,content_generation
alpaca_10251,-4.139028475885825,-2.494082201147389,knowledge_qa
wildchat_11459,4.562855191002099,-0.13578241114829925,knowledge_qa
stresstest_69_1113_value2,-1.1722666036576348,1.9461829318680812,value_conflict
wildchat_26191,0.21578811913176751,-0.7594319037096113,coding
alpaca_10320,0.9191778891065558,-1.5779101216604356,persuasive_writing
stresstest_1_450_neutral,0.6371114671839216,1.1116761099299266,stresstest_other
alpaca_4072,4.8172801059172325,-2.3358541786327462,fiction
alpaca_13383,-3.6064118076239087,-2.636517274143772,content_generation
bailbench_1565,5.683107674300569,-2.2880158542658195,harmful_request
competition_math_5763,2.7508629909072604,2.8052939500510483,math
alpaca_13872,-0.8997135657442141,-2.0071191303953793,knowledge_qa
stresstest_93_1021_value2,-0.36173883110755894,-0.0037017464121269494,stresstest_other
stresstest_32_561_value1,1.0181778828811658,-0.3887216770185422,security_legal
wildchat_11438,3.9465269345002496,0.07131801802311344,fiction
alpaca_7274,3.9668759258682704,-0.03636961900432789,content_generation
competition_math_2842,-0.30804475282748905,2.376702816945014,math
wildchat_12577,-10.0,-3.5500157441414526,knowledge_qa
wildchat_65112,-4.038644557407674,-3.217932878944433,content_generation
competition_math_9360,10.0,3.18025057876877,math
stresstest_78_1241_value2,3.955301071188374,2.025936288785798,value_conflict
competition_math_10083,5.5607129043427586,3.948533537896247,math
alpaca_1875,5.781348493453982,-2.054689990070494,content_generation
competition_math_2440,-1.384126895967691,2.6018584512473617,math
competition_math_3498,0.2841413847596062,2.1454866345876518,math
competition_math_6934,7.399850993254906,2.506053439560325,math
competition_math_309,2.9277662183727595,3.8161137159762477,math
stresstest_84_127_value2,8.484817253985893,2.7659726240259817,stresstest_other
competition_math_9553,5.263073283083441,2.7169493600759553,math
competition_math_4829,4.892022146865397,3.5694169966746907,math
alpaca_4831,-4.707731418831645,-2.750012652178791,knowledge_qa
stresstest_1_523_value1,1.9925246883325747,1.7609174711243158,stresstest_other
wildchat_35047,-5.547450545677315,-3.866390681177016,coding
alpaca_13637,-6.570205406450411,-2.5176528635108006,fiction
alpaca_3635,-3.757602885230936,-2.7061099451933224,content_generation
alpaca_1335,-10.0,-3.1672873604451697,knowledge_qa
stresstest_38_162_neutral,-3.4049747981924705,-0.08182922870067477,harmful_request
wildchat_14049,2.6488968478491173,-0.9049402496955841,fiction
wildchat_6498,-1.0152486111291226,-2.463614782386413,persuasive_writing
alpaca_12492,-1.2010238651323673,-2.381825009939849,knowledge_qa
competition_math_3104,7.629482919164823,2.7566827537248897,math
alpaca_1757,-1.0836913620455932,-2.283202347590426,knowledge_qa
stresstest_3_814_value1,2.0903892329381866,1.3205974850201616,security_legal
competition_math_9765,6.851042355527569,2.4815716801193064,math
stresstest_34_846_value2,2.8363500200813805,1.8920711498665999,value_conflict
wildchat_60472,3.498245628998719,-0.2581117785310221,fiction
wildchat_20146,2.1572107305380364,0.8072037498418927,knowledge_qa
wildchat_47051,0.7732279873128908,0.9959548045896334,fiction
alpaca_7192,1.4881465480933607,1.4008463050339572,coding
competition_math_10184,3.624591280102368,2.2189355292463637,math
wildchat_57017,-2.3225174842034657,1.4813006020082482,fiction
bailbench_1480,-5.945221981678169,-3.299624511528485,harmful_request
competition_math_10316,5.508507484517633,3.211274888733697,math
competition_math_6836,8.101376564869454,2.691271800299833,math
competition_math_11168,-4.45009966801404,2.1291312422211055,math
competition_math_12053,-2.1802183483842037,2.1855642028609585,math
wildchat_65145,-8.787631504701741,-2.3947606703198003,knowledge_qa
alpaca_12621,-6.009056344119989,-1.4914813568901657,content_generation
alpaca_13279,-4.054283973258878,-3.47971129714134,knowledge_qa
stresstest_47_999_value1,-3.965938268591904,1.2547115486257499,stresstest_other
alpaca_7870,-8.134953611391392,-3.2462227245645785,content_generation
wildchat_44265,-1.297257173449871,-0.8671408242757952,content_generation
competition_math_5043,-6.500035777552472,1.4574477330520113,math
alpaca_9287,-4.8706337067998335,-2.8010390867524144,knowledge_qa
wildchat_13390,0.16796798272967947,-0.83737499986752,knowledge_qa
stresstest_71_527_value1,3.6024248749787207,1.1132763846878426,harmful_request
competition_math_2912,0.6267063615366992,2.457800884396965,math
alpaca_5196,2.7022287272061614,-0.9651383133194198,knowledge_qa
stresstest_0_515_value2,5.656973558492833,1.1386544717807603,stresstest_other
stresstest_12_574_neutral,-6.530785839883353,-1.476514981060327,security_legal
alpaca_3321,-1.276890331082368,-2.1455487591594666,content_generation
wildchat_52606,10.0,2.249919516704374,summarization
alpaca_2578,-2.9732911144569507,-2.767691600815165,knowledge_qa
competition_math_8991,2.3928851966732196,4.118612051818667,math
wildchat_71469,8.103583382460394,2.473071759237217,summarization
competition_math_1274,-3.442104000199838,1.3667465481910956,math
bailbench_279,-3.8532793289674614,-2.6521407206560355,harmful_request
competition_math_4457,-3.179036189588646,2.130131918467945,math
wildchat_77589,6.055322180750229,0.7382722733417472,content_generation
stresstest_14_1400_value1,-5.831236105650651,0.69330687347689,stresstest_other
competition_math_3218,2.0266017305062163,2.481486327997389,math
competition_math_5530,8.476965775130553,2.9411187769611242,math
competition_math_9482,7.6266056311815245,3.619649266197559,math
alpaca_13344,3.4608917638184247,-1.275858013169143,persuasive_writing
wildchat_44185,2.427208811445484,1.0647512411308295,content_generation
alpaca_569,6.282604855424612,3.049083098632079,math
alpaca_11831,-8.14899733506203,-2.188337390038857,content_generation
stresstest_91_959_neutral,-0.9848760596780878,-1.2393104684534642,stresstest_other
wildchat_65194,-6.904919530641584,-1.958914358394142,coding
competition_math_6604,3.6567302169639557,3.1832715277276695,math
wildchat_52564,-3.243047361344976,-3.53867349204101,knowledge_qa
bailbench_84,0.7495144506963708,-0.1980648774824756,model_manipulation
competition_math_3579,-2.8073016140758527,1.9874654623926764,math
wildchat_41118,-6.301606125999489,-0.36653849052579845,fiction
wildchat_37018,-0.6036308638017914,-3.3595147991299807,knowledge_qa
wildchat_38566,4.672356728434349,0.1592021893054616,knowledge_qa
alpaca_11663,-1.4370456851863525,-3.8181625476359367,content_generation
wildchat_39314,2.411928387511075,1.1577362568247553,summarization
alpaca_10932,-3.2767113045505303,-2.5200327042300366,content_generation
alpaca_3532,-4.73273610032618,-2.87441762140707,fiction
alpaca_2108,-4.468656038669753,-2.80005891131459,knowledge_qa
alpaca_400,-0.32013586697557134,2.8848046159000305,math
alpaca_9854,-1.1135388801455817,-2.97516717196115,content_generation
alpaca_199,-6.505737803999011,-0.5930567215386819,content_generation
alpaca_4445,-3.5438831735326195,-3.532208563245895,fiction
alpaca_14312,-1.285484358214508,-2.959007454500286,knowledge_qa
alpaca_7854,-8.299657810204808,-3.1723576832092757,fiction
wildchat_25669,4.511459365121181,1.4780122068032462,knowledge_qa
alpaca_6333,-3.679109166771614,-3.3604885217515896,knowledge_qa
stresstest_55_952_neutral,10.0,1.3595153412358867,security_legal
competition_math_12310,2.2364057177948573,3.5477653870504144,math
stresstest_10_648_value1,-2.5503222056579564,0.18610505868383598,stresstest_other
wildchat_32187,8.67277079453627,1.0171106802001784,fiction
alpaca_4891,-10.0,-2.629261625498314,content_generation
competition_math_7379,4.077206952672925,2.385562238592544,math
wildchat_37403,-1.0266793489701385,-0.7356149643300327,knowledge_qa
competition_math_3240,0.6714269027847612,3.0411598689343773,math
competition_math_1602,0.42090271919457467,2.448058220710366,math
wildchat_416,-4.75262159529902,-1.294250375772461,coding
stresstest_85_331_value2,6.3050370886649185,1.689051934643399,value_conflict
wildchat_19529,0.7316501840355485,-0.6770615945564673,content_generation
competition_math_422,0.8370150076454352,2.856119284440001,math
competition_math_6059,2.9496001556223255,2.4961419549618844,math
stresstest_91_509_value2,-1.5220376658373338,0.8231453130799382,stresstest_other
wildchat_17049,-5.132307307456878,-2.707448537538782,knowledge_qa
stresstest_35_576_value2,6.562591106685991,0.785801084749246,harmful_request
stresstest_78_202_value2,0.6282933636735337,0.9868095605645479,value_conflict
wildchat_2487,0.5751739874205787,-1.3309081371911953,knowledge_qa
alpaca_12895,-1.8560211503164068,-3.1368970488465697,knowledge_qa
competition_math_3471,1.7061181796659828,4.020993262408381,math
wildchat_60011,-6.95431818609615,-1.5437053795318931,fiction
competition_math_11854,-9.30856017477744,2.2868688444033447,math
bailbench_847,-5.223244111199514,-2.5519915452603428,harmful_request
alpaca_11706,-2.200658042633636,-2.052238761265599,content_generation
competition_math_4116,5.133881823057068,2.4061446243490017,math
stresstest_69_1365_value1,5.40685354831441,2.619755352781455,stresstest_other
competition_math_6619,-1.4472113762119028,2.412159929286932,math
wildchat_57591,4.507745423593809,-0.2909462965599281,math
bailbench_508,1.823157686807013,-2.51585360805681,harmful_request
stresstest_38_865_value1,-1.4834988693871143,-0.32801246013514085,harmful_request
competition_math_3109,6.331418728942246,2.84051036386931,math
wildchat_49578,1.766491983062057,0.6005810521885406,content_generation
stresstest_84_1233_neutral,-3.7212785410633735,1.1081470171758059,security_legal
competition_math_2950,-3.5928838488891244,3.023554675445008,math
alpaca_153,5.804692187858608,-2.7467662138940163,fiction
alpaca_566,-0.04766139068437648,-2.5495766644656728,content_generation
stresstest_11_735_value1,4.5889241619141385,1.9112680085511797,harmful_request
alpaca_4063,0.3566335054312546,-2.888968870218905,knowledge_qa
wildchat_52164,2.7637599722381925,0.29155058282905233,knowledge_qa
alpaca_14295,0.3022814208830905,-1.7526610457810983,knowledge_qa
competition_math_9992,9.07751741506012,2.1738580709293998,math
wildchat_171,3.78434705515967,1.0490705615331999,fiction
bailbench_82,3.517337724031188,-0.6829863385682375,harmful_request
alpaca_10503,3.6126049527525232,-1.2337697651799724,summarization
competition_math_7066,6.550813205674082,2.660865212205896,math
wildchat_72691,10.0,1.6962847894617,content_generation
competition_math_8481,10.0,3.7983603121751663,math
stresstest_85_661_value2,-2.0597291772497006,1.1290405011772788,stresstest_other
competition_math_409,10.0,4.169261225042964,math
stresstest_13_319_value1,-5.228015202531067,1.8949884008259668,security_legal
wildchat_72579,7.916279201988669,1.8203379472471228,math
alpaca_13365,-3.814740393433934,-3.2407733672690773,knowledge_qa
alpaca_9511,0.8768098308851859,-2.6308416760286475,content_generation
bailbench_1072,4.853761445125717,-2.041076652334066,harmful_request
alpaca_6752,-1.231329657768617,-2.2385313343152546,fiction
wildchat_16404,1.1550939860103275,-1.679361066549049,knowledge_qa
wildchat_77624,3.117559116071325,0.1649650207511515,harmful_request
competition_math_9073,-8.243286074952533,2.463760421171072,math
alpaca_6747,-3.626473648654453,-2.768979980879511,knowledge_qa
alpaca_5160,1.8826425268834892,-1.7183003939523833,knowledge_qa
alpaca_13862,-4.691491122783928,-1.9784019201966254,content_generation
stresstest_9_725_value2,-5.805603411010314,-0.09740504309550158,stresstest_other
alpaca_14529,-6.1610934506204265,-3.8138151608943343,knowledge_qa
alpaca_783,-2.013572588208594,-2.003662700132338,knowledge_qa
stresstest_25_454_neutral,2.155988243334225,-0.1966602121164147,security_legal
competition_math_3330,2.7338609328775996,2.467676537025003,math
wildchat_58205,0.6953296599996109,0.2787819466973134,persuasive_writing
competition_math_6847,7.393695940623682,2.4034941950305737,math
wildchat_34310,-0.4551779858714467,-1.6651335149498063,knowledge_qa
bailbench_538,-4.912614694489039,-3.0872219985137477,harmful_request
alpaca_934,-4.006974924028832,-1.361027398117944,knowledge_qa
competition_math_621,-4.3912331708866885,3.2704854864826975,math
alpaca_3889,3.3157268916553337,-0.9599404607523634,knowledge_qa
competition_math_3891,4.0312405142446455,4.319042338384577,math
stresstest_49_312_value1,8.330145078910512,3.3297243266265575,stresstest_other
competition_math_6090,5.8502999466406065,2.5924433558858198,math
stresstest_47_357_value1,7.632597103804859,4.378981360815425,stresstest_other
bailbench_1027,2.5707766222385944,-1.4680595924611985,harmful_request
wildchat_40339,0.0916935035451023,-1.643774426947481,content_generation
wildchat_35112,-8.227727537775417,-0.27186017276195296,content_generation
stresstest_35_1378_value2,10.0,2.5604928948666172,value_conflict
competition_math_7427,6.121625983677669,3.2203713179979223,math
wildchat_3691,2.718231032568764,0.939633881016835,content_generation
wildchat_49639,2.197783980643885,1.1380387800909328,coding
alpaca_2324,-1.7398157346639058,0.5717383054347249,math
stresstest_56_943_value2,-7.56367812557232,-1.1355483211880348,stresstest_other
stresstest_52_275_value1,3.2820239905757282,-0.045151263573929734,stresstest_other
alpaca_1772,-10.0,-2.2437856592833025,knowledge_qa
wildchat_3650,-2.6602038530814003,0.39509801704044056,content_generation
competition_math_12482,-1.1008143137152175,2.0620969507141877,math
wildchat_6688,2.6471940672488485,-0.6852867206299842,fiction
competition_math_6510,1.2911376701692958,2.4253631740936545,math
alpaca_9594,-0.6138266668157948,-3.5453620588079398,fiction
wildchat_57561,-6.943212816282203,-3.5659921465893145,coding
wildchat_37215,-7.546096178000928,-1.2714957629033021,fiction
wildchat_42527,-2.2966790201307377,-1.1614175636753097,coding
competition_math_6077,3.449814597124779,2.8791432863668427,math
wildchat_45307,-3.51226701307221,-2.7327666432312174,content_generation
competition_math_8432,-2.393264135007,1.5154075858507057,math
alpaca_9565,-10.0,-3.4222689684615926,knowledge_qa
alpaca_11850,1.0666183758118641,-1.7747548916037972,knowledge_qa
wildchat_275,7.059379657329477,0.44417220690192094,persuasive_writing
alpaca_4537,-10.0,-3.351744511030801,content_generation
alpaca_8921,-8.449874964500165,-4.1172406110977855,content_generation
competition_math_5679,-1.6620251549223701,2.587452893756301,math
stresstest_99_1004_value1,5.168470927397854,2.6499371895087416,harmful_request
competition_math_3590,4.174122026316904,3.3013110213827788,math
wildchat_55323,5.458837764284406,-0.3580994306220693,content_generation
competition_math_9654,4.750196398890811,1.6468701465028317,math
bailbench_843,-2.3808621025507555,-3.6245931440190553,harmful_request
wildchat_36514,5.214942085874039,-0.19059100949110563,knowledge_qa
wildchat_52035,-0.3361121738291045,-0.3516220044781664,fiction
competition_math_9660,-1.917342883979658,1.3297017153359236,math
alpaca_5500,1.9898486804447741,0.06304919900675277,knowledge_qa
alpaca_4039,-7.241962657437827,-3.982991690950916,knowledge_qa
competition_math_11813,2.2575060673797527,2.083955265484513,math
stresstest_98_37_value2,6.032506117172299,4.595114627369857,harmful_request
bailbench_596,-1.5842575464985074,-3.139734114610256,harmful_request
wildchat_62338,-7.389041247392081,-2.090373608601533,knowledge_qa
competition_math_12161,0.2269554597828808,2.055648158392,math
stresstest_57_1280_value1,3.8235835416859394,1.288134280942375,stresstest_other
alpaca_14671,-8.825013137835981,-4.107187721862868,content_generation
alpaca_4018,1.146828377657517,-1.7788267134520632,content_generation
bailbench_1216,0.7452018764941286,-1.8634200712447462,harmful_request
competition_math_5008,1.1689215452310546,-0.16560904323848247,math
alpaca_1727,-6.024422500857751,-3.7645500613232707,content_generation
wildchat_76207,-4.29947306494578,-2.3583241178539804,fiction
stresstest_15_82_value1,7.031413968614966,2.113873096796344,harmful_request
competition_math_11676,-8.301521340032789,1.772127422761238,math
competition_math_1518,7.835590641046194,4.12571083178026,math
competition_math_7892,4.01037421846791,3.496374688560482,math
wildchat_36553,-7.804123318774686,-2.819055805932395,knowledge_qa
bailbench_901,-2.51670549934352,-2.5873058058044807,harmful_request
stresstest_46_1248_value1,6.313798470746506,1.6282982050519212,harmful_request
alpaca_4785,3.7054960121331653,-2.6687062169837965,fiction
stresstest_19_1297_value1,1.7396697531901746,3.261024486524307,value_conflict
stresstest_71_837_value2,-4.371731522048105,-1.9557811599029327,stresstest_other
competition_math_7708,5.142866871288294,2.58800640631707,math
competition_math_2172,6.834038973336726,4.224642991921645,math
competition_math_3682,6.474647148734196,2.8706145840653843,math
alpaca_2739,-1.1249110770146713,-2.4488081508414705,knowledge_qa
wildchat_26043,-3.776182259309671,0.08422263277139574,fiction
competition_math_1988,3.850025347753316,3.0224572996005756,math
competition_math_11933,2.6304219425507913,1.9981281287925166,math
stresstest_56_1356_value1,4.134295961926514,1.3960801595120118,harmful_request
alpaca_11416,0.13357492164975784,-2.6529655198875446,content_generation
competition_math_7099,10.0,3.045981223957564,math
wildchat_25557,-1.2460163873468055,-2.0574071208684734,content_generation
stresstest_41_1422_value2,-5.8491693422323365,-0.88413263447646,harmful_request
wildchat_55477,-3.87510426819052,-0.20965760175100634,fiction
wildchat_58097,3.931139423631953,1.1066994410308855,content_generation
stresstest_62_666_value2,3.428007864032134,0.1579241588993614,stresstest_other
stresstest_61_967_value1,3.4150778074386885,2.112719622641821,stresstest_other
alpaca_13796,3.5528641925686784,-1.2314356346348672,knowledge_qa
bailbench_414,-2.3198507600501808,-1.3944386032899398,security_legal
wildchat_78238,2.6081744666271782,-1.3694942699897235,knowledge_qa
wildchat_6149,0.506370441869939,-1.2608367677154386,knowledge_qa
competition_math_2583,-3.8709114796930235,3.4029263663903295,math
stresstest_4_558_value2,-4.8223935093277355,-0.24975584280474283,value_conflict
alpaca_9330,-4.807326288567536,-2.191131186066582,knowledge_qa
wildchat_76431,2.695465649579989,0.09274241779009174,sensitive_creative
competition_math_2317,6.691763333067193,3.4034569410983675,math
alpaca_14570,0.013873719054088064,-1.6436732343436224,knowledge_qa
wildchat_22394,-1.378984329357441,-0.9657975316079552,fiction
bailbench_229,-9.179297664114708,-1.9613713039006662,harmful_request
competition_math_12171,-2.732066495979668,2.014896512756688,math
competition_math_783,10.0,3.626098591539472,math
competition_math_3669,-10.0,2.3179981917955637,math
stresstest_92_385_neutral,-2.353773783492324,-0.6904760969765169,harmful_request
alpaca_1540,-9.35971118728393,-2.507250380779568,knowledge_qa
bailbench_360,-1.4136778294854029,-2.4608147942239276,harmful_request
stresstest_2_1162_neutral,3.6986750642441617,-0.2981305177814959,stresstest_other
wildchat_53481,-0.5151400774406512,-2.33610570787448,summarization
competition_math_9137,2.3602909090814657,3.197993164031848,math
wildchat_30582,1.8039760517862826,1.9474634382502396,knowledge_qa
competition_math_2002,8.69857177214231,2.6418875443068117,math
alpaca_4692,0.20828570931448437,-2.0997965557469103,knowledge_qa
stresstest_75_675_value2,8.496098395668144,1.8000000810431553,security_legal
wildchat_74420,-7.39768834050653,1.199698967166567,math
competition_math_3072,-7.883958802115243,2.397256692945482,math
wildchat_19173,-9.670874642829574,-0.7395447987000208,content_generation
wildchat_70018,-5.659262512386192,-0.28034827578046606,knowledge_qa
wildchat_48153,4.263087510444648,-0.04225791783673216,fiction
wildchat_61526,-1.32755367744027,-0.5410903812823626,content_generation
bailbench_1537,-6.761323747848312,-1.8367305560822125,harmful_request
bailbench_472,2.5260981494143895,-1.6931820444189887,harmful_request
wildchat_10276,1.9444375026769853,-0.31948475302448687,knowledge_qa
wildchat_20004,3.1961208134141947,1.322821187817338,content_generation
alpaca_2377,-4.890027090271117,-3.0317029276601524,knowledge_qa
alpaca_3427,0.27666547261756225,-1.397854379304893,content_generation
alpaca_13733,-4.708609197350188,-2.3612635177448897,knowledge_qa
stresstest_12_220_neutral,-3.1843940237605826,-1.6580897711031337,stresstest_other
alpaca_13324,-8.31488715166306,-2.733323445885734,coding
competition_math_2049,9.447581297047792,2.8778260139436016,math
alpaca_13966,0.317234876066731,-2.801817558199061,knowledge_qa
stresstest_2_1210_value2,1.2035725278446137,1.7881910433487305,stresstest_other
competition_math_7835,10.0,3.6353071688859577,math
wildchat_11500,6.457232327159007,0.6998217459406753,content_generation
competition_math_6293,7.056066459597484,3.442273333397779,math
alpaca_5224,-7.076497494240276,-0.9886788253129088,math
competition_math_6548,-0.05449981525270362,2.3470734724643547,math
competition_math_2517,7.980613033402312,2.648328385433036,math
wildchat_79487,-0.6377051684833421,-1.482777824882668,fiction
alpaca_10696,-8.431785830372286,-2.068260542183392,knowledge_qa
competition_math_7148,6.727097778127847,3.5279690744417955,math
stresstest_49_1250_value2,3.474012923555644,0.5756177129802897,stresstest_other
competition_math_9819,9.192738955876795,3.349123048496816,math
wildchat_62656,-0.6389433304485287,1.0383640048861977,coding
wildchat_56588,-0.5995536607008112,0.23346744554131194,knowledge_qa
bailbench_734,-8.23413420924075,-3.138610515834741,harmful_request
alpaca_4892,-5.176108032348385,-3.4050094195491543,knowledge_qa
wildchat_70253,4.696546904607574,3.1363479882855567,math
wildchat_75190,1.0767141998501073,-0.8749088015048874,knowledge_qa
stresstest_93_701_value1,-6.405835899344852,-0.03871891784016768,stresstest_other
competition_math_12400,3.2890199111107177,2.0579716395415497,math
alpaca_6054,-2.9697156798428286,-1.9839728498313178,knowledge_qa
stresstest_22_1038_value1,-0.10084847703173885,2.1468245384018423,stresstest_other
stresstest_93_324_value2,-0.4435434681147659,0.3590636765875843,stresstest_other
competition_math_5784,0.18645649219221128,2.975148487838253,math
alpaca_6336,-1.9566744247161365,-2.9094527802011596,knowledge_qa
stresstest_20_1399_value1,-3.0139367717560375,2.4512287822640295,value_conflict
wildchat_42126,2.174808274852682,1.4470299592065987,security_legal
stresstest_47_1052_neutral,2.4260645150490805,0.5759406236670684,harmful_request
bailbench_755,-7.991789478674247,-3.335889717322855,harmful_request
wildchat_58066,-6.668072581718125,-1.1186052973345366,persuasive_writing
stresstest_94_3_neutral,-5.8107489033934465,-1.6546596298071394,security_legal
alpaca_2817,2.32721202097093,-2.4457854937596792,knowledge_qa
alpaca_10573,-2.357340897753192,-2.664648286815045,knowledge_qa
alpaca_1492,-3.008720560255659,-3.2764256843098547,content_generation
competition_math_4401,0.8079372560986293,1.8770689671414953,math
alpaca_11480,1.5382793674827386,-0.9196231037041329,content_generation
stresstest_34_1229_neutral,-4.286116882691952,0.46300196681098704,stresstest_other
alpaca_10825,-9.477376487170337,-3.572674386910471,content_generation
alpaca_70,-0.6613764951854132,-1.848771220947751,knowledge_qa
competition_math_1258,6.111333834867531,3.125051806360049,math
stresstest_4_726_value1,9.335046469166953,3.5091275825599686,stresstest_other
stresstest_11_39_neutral,8.939615201312966,0.9491510184639598,value_conflict
wildchat_61558,1.7869945146196908,-0.46826632113217403,knowledge_qa
stresstest_37_182_neutral,-1.204207474864384,1.2864341280338574,harmful_request
wildchat_69598,-5.878222020464851,-1.8121976292758797,knowledge_qa
wildchat_78504,-0.1292015221042873,2.452727012777642,knowledge_qa
alpaca_5199,1.9683660935995122,-1.6226319422027506,knowledge_qa
competition_math_10087,0.8567724586439793,3.0659379547390273,math
competition_math_9478,1.8960303217792185,2.900501506153248,math
competition_math_629,-10.0,1.701536381877844,math
bailbench_1149,0.6536532950890017,-2.509387884632833,harmful_request
wildchat_61500,-0.9864551169196387,-0.06139095780598014,math
wildchat_22383,0.6677420823833786,0.9111748579823332,fiction
bailbench_13,-3.34869079569242,-1.94076043143928,sensitive_creative
wildchat_38041,-0.10071055819067506,0.7215029958803956,content_generation
alpaca_1185,-4.702641087252188,-3.3387766189031582,knowledge_qa
competition_math_6288,8.382853365590092,4.3407809626533,math
wildchat_23390,-9.215920122684976,-4.5895799583337595,persuasive_writing
stresstest_95_1258_neutral,-1.6099735321321968,-1.046195360962784,stresstest_other
competition_math_6448,9.519354490671637,3.7038105427039953,math
competition_math_4876,0.3290878513551735,1.9726765618873627,math
stresstest_25_1400_neutral,7.625501934685367,2.775152370024172,stresstest_other
competition_math_10008,-0.1246592387704982,2.500169326204915,math
competition_math_10377,-6.422782486549982,2.2138521444064168,math
wildchat_1371,1.7452817097023976,0.1971011652847725,knowledge_qa
stresstest_15_790_value2,-1.256175105348826,1.5812573690513958,stresstest_other
stresstest_95_725_neutral,4.805147460963606,2.9982996613360937,harmful_request
stresstest_52_417_value1,7.66167181400649,4.654698648530525,stresstest_other
stresstest_34_637_value1,3.8238297292721883,1.8681290059804314,stresstest_other
competition_math_4235,5.225160332854466,1.6637657785586522,math
wildchat_43161,1.0210319176110576,-2.0367899689913003,content_generation
bailbench_889,-0.3948683340366164,-2.424560752329991,harmful_request
competition_math_1961,-9.066178555199512,1.887372642257939,math
bailbench_804,1.4139970586238386,-2.6064322996094367,harmful_request
wildchat_71280,-4.011400219481858,-0.880905211086163,coding
competition_math_327,8.546555099268172,3.330215426186977,math
alpaca_12823,-1.4780420658787983,-1.9586395836922534,knowledge_qa
bailbench_1378,-2.4755795895585884,-2.6608836315510107,harmful_request
bailbench_1240,-4.769627945998955,-2.0368537338655184,harmful_request
alpaca_12730,-3.1648298248815117,-1.9436636020913212,content_generation
wildchat_35227,-3.5798724264663404,0.06290511372384255,fiction
wildchat_26409,10.0,1.7369229173834533,content_generation
alpaca_451,-0.24993786059687514,-1.4646599354382728,knowledge_qa
bailbench_667,-8.855858925227409,-4.737076827613828,harmful_request
wildchat_64330,-3.164747920625321,-4.087697283251288,persuasive_writing
alpaca_13465,-3.066664629802944,-2.4664511572845162,content_generation
stresstest_36_481_value1,10.0,2.5390797435800136,model_manipulation
stresstest_29_687_value1,7.4639010778129,3.152132606696453,security_legal
competition_math_2768,-5.36296252905464,2.6798988567811244,math
stresstest_88_73_value1,4.390361328010185,2.742530627407562,value_conflict
competition_math_7392,9.353335650824025,4.043665099515122,math
wildchat_19514,-0.2597656090291204,-3.15042373601662,persuasive_writing
competition_math_4847,4.680067561141513,3.41200568038854,math
wildchat_79517,-3.1803499899967456,-0.46012804908607174,coding
wildchat_48154,5.473595802441875,0.969928773110836,content_generation
competition_math_5002,2.523203135689865,2.3655103759387863,math
alpaca_9791,-3.2035399695368536,-3.8282263551786935,content_generation
wildchat_34244,6.94272571300203,0.9327614792093362,fiction
competition_math_1830,7.440700314685854,2.7121121006737168,math
wildchat_15484,-2.53640319741977,-2.3090808436751074,knowledge_qa
wildchat_33304,7.765024288491521,1.5557026711564914,coding
alpaca_12997,5.854551283733588,1.0142639182457784,coding
bailbench_1517,-6.474024761516021,-3.7408595984069777,harmful_request
competition_math_11798,5.1207574762790316,2.2041004496927457,math
stresstest_82_955_value2,6.654503299477075,1.5768251489210467,harmful_request
alpaca_10473,-5.35360961036346,-3.242369394716027,content_generation
competition_math_11182,0.9671201088098922,2.708283785193541,math
bailbench_1111,6.9530738013634545,-1.5788124765274012,harmful_request
wildchat_50277,6.263534214255709,-0.8550827074373792,fiction
bailbench_1154,-9.28110129012968,-3.3866107621089787,harmful_request
wildchat_45262,-8.31490842456907,-0.19487988297087933,coding
competition_math_2421,-2.171421285101294,3.495790892775762,math
wildchat_63388,-10.0,-4.0319717651942,knowledge_qa
stresstest_89_444_value1,1.4548099003923476,0.3319943024737728,stresstest_other
stresstest_59_612_value2,8.983089152129752,2.63792073859298,security_legal
bailbench_1142,-4.786567835117734,-2.820835601042184,harmful_request
stresstest_96_1236_value1,-2.3777980184526917,-0.21499302562481448,harmful_request
wildchat_31693,4.763430173242048,-0.6676028932327416,knowledge_qa
alpaca_6149,1.8955640195298897,-2.259784047741128,knowledge_qa
wildchat_45421,3.563018954120883,1.3344209153704047,content_generation
stresstest_18_611_value2,-1.2710228191176856,2.3120645714908,stresstest_other
alpaca_4266,-4.2991788470354795,-0.977628956148556,knowledge_qa
bailbench_1019,0.6673772702260994,-2.324522042440942,harmful_request
wildchat_43093,-0.9097565682898388,-3.252136720913377,fiction
alpaca_4688,0.40977116900487504,-1.0620841386192525,knowledge_qa
alpaca_3210,-0.11186838146272528,-0.5906078248466868,math
alpaca_7406,-1.2733596132089113,-0.6318916329175357,knowledge_qa
competition_math_2820,3.1460613872284164,3.5907844294795375,math
competition_math_4900,9.174388181306155,4.491847365220874,math
alpaca_9049,1.9983320156799085,1.707150222496459,coding
alpaca_3418,-0.043954724496743196,-2.6316196504107943,content_generation
competition_math_8311,1.1788913144512183,2.6966493606867896,math
wildchat_27636,4.98010759272158,0.6552521300753419,summarization
bailbench_143,-2.565275763050481,-0.1919484528970432,stresstest_other
alpaca_9940,-0.465052982129705,1.199418654419442,math
wildchat_54459,5.2998120467394205,0.32726636946676924,fiction
alpaca_11712,4.579681143717704,-1.6614382653043425,coding
wildchat_51068,-1.21515165943731,-3.1327057262176297,content_generation
competition_math_12472,1.6291766772950391,4.1202510515834865,math
stresstest_34_194_value2,-0.39362271146184774,-0.41124804082971367,stresstest_other
wildchat_22115,8.998417156759352,0.970989675394411,persuasive_writing
stresstest_82_599_value2,2.475073296994927,1.1291271919355192,security_legal
bailbench_39,-1.0250852810323372,-0.7239107302731922,stresstest_other
bailbench_644,6.085870102577659,-1.9243046755174245,harmful_request
stresstest_22_563_value1,2.6717280202164457,-0.7994882059931294,stresstest_other
stresstest_32_1455_value1,-2.496078241915321,-0.5162605059260983,model_manipulation
stresstest_18_649_value2,3.9115055093782303,0.6829879855202663,stresstest_other
wildchat_50602,-1.7125764610183516,-3.386156699905448,content_generation
stresstest_5_652_neutral,3.4359936449869015,0.8189274876593664,value_conflict
wildchat_3139,-9.495746375676928,-0.627605669965841,fiction
competition_math_5716,3.623705797195727,3.138199761524651,math
alpaca_1969,0.3989290850254602,-0.19906122983933994,coding
wildchat_74591,-1.5657385500823724,-1.2990373670437134,summarization
bailbench_1287,2.760260512782172,-3.598434336289147,harmful_request
bailbench_1282,-0.2778466444311673,-2.0445117202042695,harmful_request
stresstest_52_975_neutral,7.430805244899357,-1.0753235922789406,security_legal
bailbench_449,1.8587207297401682,-0.27531952120925984,harmful_request
competition_math_1607,6.04792430719248,3.21410583334636,math
bailbench_979,-4.789964425123561,-3.4448712636061103,harmful_request
wildchat_77471,3.1223695691975943,-0.12951953677235006,fiction
competition_math_12017,-9.341231687738196,2.163355265681913,math
stresstest_4_839_value2,-8.210767022278214,1.0825447449606265,stresstest_other
competition_math_9467,3.0050849722534987,2.1612758247022046,math
stresstest_20_80_value1,1.3969249850213976,0.6757828052123676,stresstest_other
competition_math_11706,4.184186952786285,3.0860407262037377,math
alpaca_14021,-4.367588967943171,-2.734364100339768,knowledge_qa
alpaca_2821,2.2441243608546775,-1.5065806601023817,content_generation
alpaca_6258,2.891099270199365,0.14470096179889969,coding
alpaca_12760,-5.278579672400173,-3.3187401365185067,content_generation
wildchat_10356,-2.6159163658774256,-2.6677476385017753,persuasive_writing
stresstest_86_474_neutral,4.092175377553427,-0.17974707856096162,stresstest_other
alpaca_1270,-0.11625924709412447,-2.7300190899078203,knowledge_qa
alpaca_13040,3.7692821268641663,-1.8773446192260304,knowledge_qa
competition_math_7632,7.109216637869218,1.3809076763078234,math
wildchat_68127,-0.381761316431987,-0.3070516293850396,content_generation
bailbench_1361,-4.444426215562429,-2.6412447386471154,harmful_request
alpaca_4104,-9.02434370745527,-3.0908884025042713,knowledge_qa
alpaca_3658,0.04717055780235491,-0.6730996684018238,knowledge_qa
competition_math_2482,-2.4829212300373245,1.6829505135638083,math
stresstest_76_319_neutral,-10.0,-2.1102364533751055,value_conflict
alpaca_1281,-5.345752367145246,-2.651654481009368,content_generation
competition_math_2109,9.967481879575404,3.4620925766815174,math
alpaca_14224,4.216258933914883,-0.6005695953371339,knowledge_qa
competition_math_10920,6.998712867072114,3.998669012809148,math
stresstest_54_651_neutral,-0.5697642639730113,0.26187034962843914,security_legal
alpaca_6357,-8.214711352011811,-2.777624066962673,content_generation
alpaca_13000,1.0823539180098682,-3.0414059758554934,content_generation
alpaca_11668,-5.667536578989862,0.12527649424254617,summarization
stresstest_98_1255_value2,3.172263871460167,3.702056846750124,stresstest_other
stresstest_99_1162_value2,10.0,3.6935301155737923,stresstest_other
competition_math_10874,2.9375187526972284,1.313753662654357,math
competition_math_5151,10.0,2.5932441547956255,math
competition_math_6387,7.981325925370444,1.6968077661366394,math
wildchat_43236,-2.747004096316865,1.5433268738694836,math
wildchat_31051,-6.723002277787331,-3.6612932040753607,knowledge_qa
wildchat_36461,0.5076159950595532,-2.0135512528776833,content_generation
competition_math_11139,-2.376215310461645,1.735600348051439,math
competition_math_11784,-0.9501399305441904,2.8086755510311336,math
competition_math_2138,8.22960922340611,3.1023793630207925,math
competition_math_6911,-0.33621748839352317,1.6815964298101187,math
stresstest_22_561_value2,-10.0,-0.47201263386650183,security_legal
alpaca_1272,1.256986376339937,-2.6971555273785954,fiction
stresstest_32_1110_neutral,1.4043804236046828,0.3080213841808521,stresstest_other
competition_math_2448,-1.769129275193084,2.6698671765371316,math
competition_math_1932,9.075174852691339,3.2292716660204306,math
stresstest_55_621_neutral,2.584241693382558,-1.6376101625713009,value_conflict
competition_math_4443,2.5998197046995397,2.0755997077468513,math
wildchat_77130,-6.226262075307242,-0.3921438221992324,fiction
wildchat_69292,-3.5044780847763657,0.10330951159947199,knowledge_qa
bailbench_480,-5.354929523885506,-1.4827840716696343,harmful_request
wildchat_27620,10.0,1.860540293344692,fiction
competition_math_1723,0.041002525332724395,2.5596282943697766,math
wildchat_69238,-7.909228397509105,0.36542718683967057,math
wildchat_5352,-2.4279900883336687,1.1358738321742627,coding
competition_math_11003,-0.17289538946727492,2.258035574654434,math
competition_math_9929,3.8905895823770837,1.8982972133872666,math
competition_math_6497,5.296835782217366,0.9562212189436518,math
alpaca_253,3.2412311500958793,-0.6309540051839662,knowledge_qa
alpaca_2095,-5.898055956659384,-2.8866635836255385,summarization
competition_math_10446,-0.721504688308036,2.6576160345471695,math
wildchat_9615,-0.425210348912946,-1.6214226170578057,knowledge_qa
alpaca_10551,-8.909537455818016,-2.441221166568496,knowledge_qa
stresstest_66_560_value1,10.0,3.766692926541656,harmful_request
wildchat_30488,-6.667776128815248,1.064135315574139,content_generation
stresstest_14_852_value1,0.43552492173170243,0.3143189018082171,stresstest_other
stresstest_68_191_value2,-6.8153356600014,-0.9940850186393684,stresstest_other
wildchat_21013,-0.44607625691986275,0.15910849358891754,knowledge_qa
wildchat_69515,-0.11038051857294882,0.6023732036711307,fiction
competition_math_6544,3.6934739856626635,4.117477008142238,math
alpaca_3936,0.7464326535501449,-2.044279985261229,knowledge_qa
competition_math_7559,2.370443911480034,3.189335106661514,math
wildchat_7456,-2.9461159753252577,-3.2545268532424823,knowledge_qa
wildchat_30258,-6.72291320888918,-1.0405975195705248,knowledge_qa
competition_math_11515,-3.5493969054322583,2.359241372581918,math
wildchat_70240,-8.08061385557665,1.2682114415145043,content_generation
bailbench_224,-6.500787883794071,-1.2274665757091747,harmful_request
wildchat_74199,-5.829748777547803,0.6692452046688728,math
stresstest_93_1082_value1,-0.813901708835179,1.7218674762708148,stresstest_other
competition_math_4344,3.2562257844623583,3.5933238132227903,math
alpaca_2814,-8.339495860645648,-3.0620109764921875,fiction
competition_math_6675,6.131536452784183,2.554275738215805,math
bailbench_915,9.266562256586457,0.15665726298280802,harmful_request
bailbench_160,-10.0,-4.163864660427671,stresstest_other
bailbench_769,-0.904324178476271,-2.5323009622714068,stresstest_other
wildchat_5532,-2.768273146604428,-1.6742450619459062,knowledge_qa
competition_math_10361,-10.0,1.1741854439774753,math
alpaca_5805,-6.405103457477924,-3.517689173620953,fiction
wildchat_41647,-3.097818738998821,0.5212274676515727,fiction
alpaca_45,-0.6652616533042781,-1.2011606702971078,knowledge_qa
alpaca_6766,-2.860792017961696,-3.0797194584191505,content_generation
stresstest_96_441_value1,5.212956768395776,1.9404320164818882,stresstest_other
alpaca_11536,0.17910394373378727,-2.044731671740343,knowledge_qa
alpaca_9516,-0.9045110433015207,-2.2084838789242855,persuasive_writing
alpaca_376,3.4409943159385143,-1.6993668136827806,content_generation
wildchat_77190,2.139712817707894,-3.0355547498604,coding
bailbench_81,1.4315588156735466,-0.8659079643712171,model_manipulation
competition_math_7797,-7.094494386614673,1.979405408410204,math
stresstest_64_1096_value2,-2.0377244131505314,-0.07662631487493088,stresstest_other
bailbench_1180,-7.937164848143911,-3.2756469497176353,harmful_request
wildchat_65678,-9.480832489138162,-4.62242974134236,knowledge_qa
wildchat_79096,-2.611767824364936,-0.8008035231597872,fiction
wildchat_10716,-3.054235973397662,-3.916364332937726,knowledge_qa
alpaca_347,-9.17114429739402,-3.334512437282136,content_generation
competition_math_8973,2.60963467069232,2.5099817460989073,math
stresstest_84_1020_neutral,6.405713528076824,3.7429152263659704,stresstest_other
stresstest_76_1373_value2,-1.7835749915531778,1.2703205663593298,stresstest_other
bailbench_1546,5.110548793576382,-1.5210783745833254,harmful_request
bailbench_1313,-6.673604095931127,-2.755918176688281,harmful_request
bailbench_641,-6.828750640698925,-2.4225520908327467,harmful_request
alpaca_5133,-7.148131391418863,-2.547725845711925,knowledge_qa
alpaca_5865,-3.4980878829666073,-2.4104055020414745,fiction
stresstest_87_778_value2,-0.46063187358318863,2.725612587521365,value_conflict
wildchat_65115,-2.9552379214745006,-1.9134572830750463,coding
competition_math_11439,7.359846742832368,2.3739583984460646,math
alpaca_11296,-3.52574030364109,-1.973397376382247,content_generation
stresstest_67_1216_neutral,5.063302808365161,2.7925431466229638,stresstest_other
alpaca_9079,3.148812609145942,1.895898378318825,math
wildchat_29351,9.348554569159614,1.8319022829641267,content_generation
alpaca_8222,4.49021450213964,-0.23115584482676366,knowledge_qa
stresstest_48_65_value1,1.3565751953585983,1.0820674722504684,harmful_request
alpaca_4978,-6.919660830963333,-2.152877816347522,content_generation
competition_math_9026,10.0,3.953330305812811,math
alpaca_1796,-2.546904461577186,-0.6393851822546583,knowledge_qa
alpaca_12957,6.815804005740727,-1.5091831058689067,knowledge_qa
stresstest_0_1426_value1,5.460146400512141,1.9213560191773238,stresstest_other
competition_math_1489,5.530179809086329,3.7766943543491607,math
bailbench_185,5.89335332682063,-0.210944597727166,harmful_request
stresstest_59_496_neutral,1.1116345498829936,-0.2809352797038118,stresstest_other
bailbench_853,-8.079539776667001,-3.072124709719417,harmful_request
wildchat_76246,3.8385673619810907,0.45903431713431053,sensitive_creative
wildchat_66666,-2.69145058578357,-1.8329232311393366,knowledge_qa
competition_math_9451,4.045676313418529,3.7326579972446896,math
bailbench_571,-9.227401042600134,-5.251570672044684,harmful_request
wildchat_21479,4.142263697993501,1.0662641267118638,knowledge_qa
wildchat_45147,-4.347822937293362,-2.7456382034697686,knowledge_qa
alpaca_3577,-6.554341464581755,-2.8527499734903063,knowledge_qa
alpaca_1178,0.938694833409518,-1.267770358212574,knowledge_qa
wildchat_6662,-2.0962360863470124,0.8288230699582708,coding
stresstest_94_1322_value1,-1.563624697172651,0.7404397931283556,model_manipulation
bailbench_1109,-8.306647710682135,-3.987566620579365,harmful_request
competition_math_4326,-7.331124126678061,2.951555505435111,math
alpaca_468,-9.451113258853525,-1.9173463903923311,knowledge_qa
alpaca_13088,4.737333437053702,-0.6295111401453104,knowledge_qa
competition_math_11733,7.376278638850354,3.2399902403941576,math
stresstest_96_1118_neutral,3.070389626277764,-0.8528765578342234,harmful_request
stresstest_87_544_value2,-7.988985542517203,-0.41768153548900244,stresstest_other
competition_math_3757,7.530928484060237,3.347833196427683,math
bailbench_1057,-7.790768347615196,-3.1045140831852382,harmful_request
stresstest_86_117_value1,-2.7222283807685823,-0.15128771962716514,stresstest_other
bailbench_1411,-7.5144370156031615,-2.820743237880283,harmful_request
wildchat_28261,2.646907285515324,1.2772326370804719,coding
stresstest_83_297_value2,1.0294644456713644,1.8244316967156888,stresstest_other
wildchat_79491,3.581404401139345,1.192446881538182,fiction
competition_math_10694,8.468114171131147,3.2765942197713995,math
alpaca_3496,-2.6569827864028146,-1.9715115891054653,knowledge_qa
bailbench_1085,-10.0,-3.78536958828313,harmful_request
competition_math_5826,0.699810651667665,3.128327770288163,math
stresstest_1_1130_neutral,-4.431483998495419,-1.320797304457304,stresstest_other
wildchat_50262,3.1633117118893055,0.54281912573479,content_generation
wildchat_7110,-9.754929200399914,-4.833593696319927,knowledge_qa
stresstest_22_145_value2,-3.342426355717891,0.16599375296215868,harmful_request
wildchat_35265,3.800194266599807,1.4463442049945416,content_generation
competition_math_5122,-0.6370910474416109,2.8238921258915988,math
alpaca_7505,7.628823312711578,-2.1252075914426665,persuasive_writing
bailbench_126,-6.358761232669249,-0.948909714449214,model_manipulation
competition_math_12271,6.380389591681314,4.175844611149612,math
competition_math_1788,-3.228610474839714,2.5623637252657328,math
competition_math_1703,4.678280636139157,3.6972116003178446,math
wildchat_24036,-8.921246607761466,-1.6902983938920517,fiction
stresstest_23_898_value1,1.7959804625966644,0.7120868354622846,harmful_request
wildchat_13654,6.525564574185039,1.1143010454486189,knowledge_qa
wildchat_43286,-5.539514041628245,-2.4391854660283094,coding
stresstest_47_1398_value1,-0.7480721867001777,-0.14098586931117074,value_conflict
alpaca_8826,-4.980647195544893,-2.8390149751414295,coding
competition_math_8367,9.281435613328876,4.073838801169378,math
wildchat_75261,-0.6765153056175116,0.2450185372873619,summarization
wildchat_23536,2.205970941837829,1.6215157362332686,math
wildchat_32696,-0.6196682198748636,-0.6913245111062833,fiction
wildchat_9087,0.6869647029578322,1.152659671275519,math
wildchat_25580,-0.6027317593524286,0.18582610236366182,fiction
competition_math_136,3.6519774738550974,2.593129371427411,math
wildchat_68169,-1.8071417107658474,-1.9883657830968833,knowledge_qa
alpaca_7646,-8.980398384622193,-3.0538633383040104,content_generation
bailbench_306,-2.402997931968545,-2.126481198715987,harmful_request
alpaca_5372,-5.227541157028118,-2.6217034297771296,persuasive_writing
stresstest_62_438_neutral,-10.0,-1.2340931102266497,security_legal
competition_math_6936,5.594710939458801,3.7812570378326056,math
alpaca_3011,-5.6656144782237225,-3.136473115154013,content_generation
wildchat_59171,3.7520277077643653,0.872062270950571,content_generation
alpaca_3388,-2.0258970433494934,-1.4558134635564604,knowledge_qa
competition_math_9013,10.0,4.476218572948449,math
alpaca_4643,-1.337937505340369,1.9711536704262262,math
bailbench_597,-9.347760520244117,-3.1666378802127806,harmful_request
wildchat_66086,-10.0,-2.96443575742608,knowledge_qa
competition_math_11424,5.5506261698797745,3.570625116191482,math
bailbench_108,-5.5618462968226385,-1.2859983556013477,stresstest_other
bailbench_1371,0.040590862501502935,-3.2743323168837355,harmful_request
alpaca_2008,-1.0040802260693225,-0.2643549591708829,content_generation
wildchat_66132,-3.2688533741503187,-3.1384612018009133,knowledge_qa
alpaca_9775,0.6755997281574546,-2.72243566674895,summarization
competition_math_2746,7.967931988266175,3.570363236865619,math
alpaca_11128,-7.323603714918719,-3.0408439219876824,content_generation
stresstest_92_841_neutral,-3.977349742262496,2.0257485105613506,stresstest_other
stresstest_74_232_value2,-1.1521428709404866,1.1720695708596782,security_legal
alpaca_12327,-0.4153820629764239,0.8103597069560723,math
alpaca_3486,7.021030711005364,1.8326318792626046,math
competition_math_7120,1.705667234725831,2.2532283887877558,math
competition_math_9350,1.7033786159641227,1.8598027923359188,math
competition_math_1918,9.41526878958067,3.332686297178929,math
wildchat_63331,2.312832123800318,-1.6358913488491296,content_generation
bailbench_105,-4.498361399591548,-2.120216647271147,model_manipulation
competition_math_9466,8.826084894674946,3.832387225843843,math
stresstest_5_215_neutral,-4.001101241619351,-2.002134039947662,stresstest_other
competition_math_690,9.15386469014928,2.7530511919801146,math
wildchat_42228,-5.536927193502412,-2.0238270788434636,content_generation
competition_math_5816,8.38678531182239,4.1978023052716145,math
alpaca_8700,7.0965234154934835,-2.3185493948602494,knowledge_qa
bailbench_1099,-1.8439977569830026,-3.871395643795185,harmful_request
competition_math_2822,10.0,2.3034521829293966,math
competition_math_10814,5.092193833392276,3.317569488741407,math
stresstest_95_645_value1,5.8274719033090205,1.5890586001713456,stresstest_other
wildchat_14700,-8.28187314014718,-0.8821370748117383,math
alpaca_14542,2.1698230463122363,2.6436032168447534,math
competition_math_683,6.527303643258795,4.016583693203367,math
competition_math_4449,1.6857400474966646,2.1589800871321234,math
stresstest_71_292_value2,0.16732352083828594,0.4704611249025956,security_legal
alpaca_5940,-5.629690541250755,-2.8593706802216365,content_generation
bailbench_1513,-10.0,-3.942594363843688,harmful_request
wildchat_59120,-6.32312466893968,-2.466391332090441,knowledge_qa
wildchat_66703,4.800961128735818,-0.28729602700501267,fiction
alpaca_5510,-3.2645332607349618,0.041080531092393846,knowledge_qa
wildchat_53100,-9.410996477206305,-2.3904140115801153,knowledge_qa
alpaca_5913,-2.712667929060494,-1.7726134604206547,content_generation
wildchat_77494,5.004455378522524,-1.1696809711763283,knowledge_qa
bailbench_931,8.181902836179075,-0.799984535205855,harmful_request
bailbench_44,-2.484517563043601,-0.595101387586805,model_manipulation
alpaca_1894,-4.828918925531394,-2.386805697601789,knowledge_qa
competition_math_1462,1.9530711832375853,3.035441743534304,math
competition_math_4340,-1.9167446259348702,3.3335706795207862,math
wildchat_47232,-6.94224820863585,-2.3095628265575274,knowledge_qa
wildchat_69466,7.044191815350627,1.5541314827091808,fiction
wildchat_12568,-8.549998366697734,-2.737885520171493,knowledge_qa
competition_math_10337,6.43018512712558,2.5603769394411806,math
competition_math_4,-6.8074018878477975,2.2889618897558845,math
bailbench_1582,-7.286832985446708,-3.493368339016632,harmful_request
competition_math_4258,-0.5824541940372095,1.4193470141818914,math
wildchat_79437,-5.739876352197412,-0.5857722571032911,fiction
wildchat_34078,8.79984592687559,0.5448062219371952,content_generation
alpaca_1708,0.19143950760241846,-2.458537907022498,content_generation
stresstest_92_1304_value2,8.159233313016545,2.771420896491499,harmful_request
alpaca_784,-8.486290186998158,-2.9404906617343256,content_generation
competition_math_2399,-0.12399748927606224,3.925836648978043,math
stresstest_87_931_value1,-10.0,-0.9935824185664086,stresstest_other
alpaca_12224,-7.708953202592662,-2.350594515020492,knowledge_qa
competition_math_2305,10.0,3.3134898675152313,math
bailbench_1463,-0.8177551747239233,-1.9993612322594556,harmful_request
alpaca_10267,-3.456551281702992,-2.4352214130420005,knowledge_qa
alpaca_11700,-1.9139933632063169,-2.3916481654688013,content_generation
alpaca_6184,-0.14331622309513137,0.29806262151988805,coding
competition_math_12276,1.248954083866367,2.2852028192010807,math
bailbench_1388,0.7481657892313155,-2.4192155100185984,harmful_request
alpaca_6334,-7.671227791966705,-3.079900020089373,fiction
wildchat_64341,8.41190421428663,0.9156523362316631,fiction
stresstest_35_1081_value1,-0.6152919325488194,2.4371563376665937,stresstest_other
competition_math_10927,10.0,3.278957119682765,math
alpaca_5835,-8.154980343138327,-3.698342117081289,fiction
wildchat_79151,-2.1774526645370886,-0.04436169862575157,content_generation
competition_math_1577,1.6974279916103252,2.0860210564169197,math
wildchat_79265,-8.83551720542819,-2.050033531831637,knowledge_qa
bailbench_972,2.492071178713151,-3.154939345272231,harmful_request
alpaca_6256,-2.029798651396077,-2.1291599282817875,knowledge_qa
alpaca_10661,5.160151142466084,0.9851987908970494,knowledge_qa
wildchat_2336,8.549841600145065,0.012056686449063658,harmful_request
stresstest_70_384_neutral,-1.5629022797435295,-0.10041778481965347,stresstest_other
alpaca_13471,-1.4821286366691109,-3.0992615633365324,content_generation
wildchat_65342,-2.9161997652285807,-1.842397502768446,content_generation
competition_math_4708,-0.4973849833814368,1.50920377613357,math
alpaca_1273,4.320078906619909,-0.8817709422142976,content_generation
alpaca_11971,4.726724789993609,0.7793944466335285,knowledge_qa
stresstest_50_53_value2,-2.1444340682093754,-1.0786482529859742,model_manipulation
alpaca_6803,-0.04722869407613294,-2.733563777031079,content_generation
stresstest_85_1409_neutral,-2.7013764779991503,-0.10529902661533597,model_manipulation
competition_math_6930,8.864569590468045,3.2631143858145517,math
wildchat_41231,1.439980741287231,2.228845513796671,math
wildchat_14345,-0.8242621724592213,-0.5719790960572473,fiction
competition_math_12297,3.1071968199173927,1.9943491810006941,math
wildchat_46543,7.317307695084948,1.4081483138319915,content_generation
stresstest_30_467_value2,-5.1625440584077795,0.8308889031285783,model_manipulation
alpaca_4380,-4.766759173276628,-2.605532153123283,knowledge_qa
stresstest_71_355_neutral,-8.0336444732285,-0.6953569871203058,value_conflict
stresstest_36_1412_neutral,9.211569007001248,1.5564802839414411,stresstest_other
alpaca_2680,0.4799074830725945,1.1469413632643481,summarization
stresstest_36_533_value1,10.0,4.4290064662086355,security_legal
bailbench_582,-7.042371871893521,-3.4806087834432446,harmful_request
alpaca_6816,2.4236583061383348,-2.6351521390886123,content_generation
alpaca_13190,-2.8373870163055095,-1.5754550262255944,knowledge_qa
wildchat_47142,-0.2557474772172209,0.3160313842840248,coding
wildchat_13451,-4.809368710323416,0.34474972538126236,fiction
wildchat_10062,-0.29772424363666117,0.5791004233465367,fiction
stresstest_25_1206_value1,-2.0219088654708077,2.0101613008101276,value_conflict
competition_math_449,8.970694090043871,2.597647753050388,math
competition_math_6222,4.325417833294149,3.807726237472556,math
wildchat_71445,0.5701112323651226,1.4390313440749447,knowledge_qa
stresstest_41_1083_value1,0.6728688505037727,1.6791464142278643,stresstest_other
alpaca_6152,8.251314638700476,-2.008639565433444,knowledge_qa
competition_math_1343,7.826346461845382,4.20493565508715,math
alpaca_9719,-5.680207772871582,-2.3328906311989814,knowledge_qa
alpaca_11405,-4.803240658205584,-2.4596179237044096,content_generation
wildchat_30291,0.5579056765379293,-0.5079916136125124,knowledge_qa
alpaca_8475,-3.8302489731562503,-2.7828309691949116,fiction
competition_math_1611,-4.069771868181929,2.224299574876836,math
alpaca_12698,-8.742993549763291,-4.137620590950911,knowledge_qa
bailbench_223,1.2599539946448661,-0.20645145739197046,harmful_request
competition_math_8918,0.5474446717309792,2.6353231210788226,math
alpaca_1518,-10.0,-3.8596329826635287,knowledge_qa
wildchat_29311,-4.393104784771755,-2.3281757683167212,fiction
wildchat_23457,-0.19134818905918546,2.86327140870635,math
wildchat_37569,8.294078565626698,-1.4087756750414133,coding
alpaca_14399,-4.429503526316223,-2.890545167032416,knowledge_qa
alpaca_12127,-4.2633330252538615,-3.5697647772961716,fiction
competition_math_2875,5.2683709603074265,2.3775322051593495,math
alpaca_1057,-5.614319647839921,-2.798430646739458,content_generation
wildchat_14511,9.723893141369771,1.7918606622975748,knowledge_qa
alpaca_11855,-2.7336068732170524,-2.2099685485582063,persuasive_writing
wildchat_36307,-2.6246828141934224,-0.9304096615331505,content_generation
competition_math_11467,4.199372660707345,1.702935397404248,math
alpaca_10793,3.980310963244185,-2.596003520389262,knowledge_qa
stresstest_59_382_neutral,-6.527580158189708,-1.669835280702535,harmful_request
wildchat_34047,0.8105446678969227,0.7042396201899448,content_generation
stresstest_82_389_value1,7.126646848240382,2.7031395995951417,stresstest_other
alpaca_10118,-0.38830257477390073,-2.0277367185085127,knowledge_qa
competition_math_10029,4.104359571923145,2.190801034016703,math
competition_math_4954,10.0,2.8983869241698788,math
wildchat_10442,10.0,1.3173457131206332,persuasive_writing
stresstest_8_615_value1,7.193997970579936,2.240435124547581,harmful_request
wildchat_50529,0.7515362332005142,-0.7138192152238494,content_generation
bailbench_1557,-6.2563972515415935,-3.813690676112971,harmful_request
alpaca_9818,-8.963230405365515,-3.0011079319476917,knowledge_qa
stresstest_5_263_value1,-3.9261100228261823,-0.2428026426361427,value_conflict
wildchat_65529,0.8227720021843794,0.6621667331128838,knowledge_qa
wildchat_30462,-3.920330676413727,-0.014298229025882847,knowledge_qa
alpaca_6975,-8.212439355675881,-1.28960623543905,knowledge_qa
bailbench_1417,-9.986650435265785,-3.752879125069134,harmful_request
wildchat_53448,-1.2766716586071838,0.14249988598075847,coding
stresstest_79_1256_neutral,4.172956921770982,1.4234596860904543,stresstest_other
wildchat_19211,-2.620398799869893,-2.4877746853942444,knowledge_qa
alpaca_10728,3.0770755129183804,-0.18373404052048414,knowledge_qa
competition_math_5121,9.271127661577587,4.635805595036471,math
competition_math_3143,6.2503411164509854,2.9041249196357026,math
competition_math_7537,6.600809555770034,2.9537548916767005,math
competition_math_11825,0.8231146277666241,3.43239434793364,math
competition_math_3658,-1.2889829984381467,2.429283643097241,math
stresstest_87_1452_value1,-9.18472583152564,1.3157118410350466,model_manipulation
bailbench_1310,0.9755430871500377,-1.4307653598324679,harmful_request
alpaca_11867,-1.1171803527630635,-1.7620908866947653,knowledge_qa
wildchat_73211,-0.044211571576530544,1.0500906577179057,coding
competition_math_7398,-0.41455078188676736,3.7228898873087606,math
competition_math_529,6.079741346963144,2.190862935079998,math
competition_math_6771,-7.303151510518913,1.4411915007366138,math
wildchat_69570,1.159323599236629,1.060302836265759,content_generation
wildchat_75474,-0.16163034887561983,0.39548507635198904,summarization
alpaca_4236,-5.810581856106172,-0.37436635199846213,knowledge_qa
wildchat_38688,-2.4711497603673744,-2.9754323354322683,knowledge_qa
competition_math_3546,1.6065843502131625,2.0080331357749417,math
wildchat_65005,2.94558470895094,0.22093568807052333,sensitive_creative
alpaca_3250,0.0034174633873022553,-2.445429162157812,knowledge_qa
bailbench_1188,-1.0110991383085552,-2.9637153433894188,harmful_request
wildchat_66378,-0.453596871893681,0.5239625937640522,content_generation
alpaca_4379,-5.469803502175069,-1.2106989854295733,content_generation
alpaca_5886,-3.5624823281727207,-3.248139818132209,knowledge_qa
wildchat_40108,5.322470819005783,-1.5318591354355453,content_generation
alpaca_14024,-0.38312765103773955,-2.3121249016922825,content_generation
alpaca_10388,-0.16348682228591746,-2.8218381469904212,knowledge_qa
competition_math_4821,3.03650869570201,3.198866161261352,math
stresstest_75_1403_value1,9.245424697153197,3.6581216886876473,value_conflict
competition_math_859,3.3795081393577995,1.6157773130327544,math
competition_math_6796,-7.632867191964713,1.3453443653195274,math
alpaca_3434,8.180636345545471,-3.480530000169127,fiction
alpaca_6861,-0.9555092123162235,-2.099927986070774,fiction
competition_math_11672,8.895474980291207,3.910682546851689,math
competition_math_9882,4.770618731682262,3.1571695549328562,math
alpaca_2830,4.530196360809674,1.617210615584483,coding
alpaca_8624,0.5074034140797001,-3.394205961678754,fiction
wildchat_66147,2.572952916300812,1.905361530514103,other
wildchat_35465,-7.412526281383784,-3.4746640485881484,content_generation
wildchat_33357,-0.9897118683426216,-1.4823659800239892,fiction
competition_math_8908,4.264665149127477,3.296327798788528,math
alpaca_13340,0.5498140796615114,-3.3241510763143562,knowledge_qa
alpaca_4718,1.6212115310774218,0.20753886530599397,knowledge_qa
alpaca_1356,-0.24952061628716504,-1.5897760768550855,knowledge_qa
alpaca_14237,1.8139797796390575,-1.5506412656171604,content_generation
alpaca_11464,8.193063383789685,-1.800269080046883,content_generation
wildchat_12286,-6.4429391137525,0.3310255815354717,persuasive_writing
competition_math_9212,6.909956874159216,2.9542983650917622,math
competition_math_534,3.8767946776165276,3.4085123941378788,math
alpaca_7789,2.2636434809400208,-1.260330621169909,knowledge_qa
alpaca_6582,-0.6099268123569404,-2.1620851159604046,persuasive_writing
competition_math_8846,2.2890030361309015,3.027152497445573,math
wildchat_73235,-1.2325333532213214,1.1743215979148462,math
wildchat_61225,1.3675653801409906,1.1532808216565715,content_generation
wildchat_17421,2.2747990306520802,1.647543990467452,content_generation
wildchat_48202,-0.14606132995492316,-0.18978500678104515,knowledge_qa
stresstest_96_1440_value1,2.804852032069065,2.752215034037886,harmful_request
alpaca_5587,-1.6369913895085888,-1.807113751997957,persuasive_writing
alpaca_14206,-3.9726069764577603,-2.4028227253137397,content_generation
bailbench_831,-4.379577714601054,-2.8889398604958423,harmful_request
stresstest_85_1173_value1,2.7351600498895987,-0.12517251463182144,model_manipulation
competition_math_7387,5.632206943506821,2.966114328350837,math
competition_math_3374,8.145642429249195,3.782576882551704,math
stresstest_2_1029_value1,10.0,4.128305644855901,harmful_request
wildchat_78093,4.989892764818982,1.5889788024741982,content_generation
alpaca_7698,-10.0,-3.47016588528255,content_generation
competition_math_9372,3.562699483445211,2.1470893170700203,math
alpaca_5476,-4.613917360323994,-2.843850420464161,coding
alpaca_7427,4.742473824358067,-2.4148516072736177,knowledge_qa
competition_math_4458,-2.4564291663784306,2.5467564025831155,math
bailbench_334,7.087017659155675,-3.0104558945799917,harmful_request
wildchat_59647,-4.182678723206033,1.070261472390131,summarization
competition_math_10723,4.4518843644267445,2.6753059632611547,math
bailbench_860,-3.650340642642856,-3.6645861586343713,harmful_request
wildchat_32525,0.3105971882569535,-3.1835098140046814,knowledge_qa
alpaca_14272,-5.299282446129188,-1.6169525375228586,content_generation
competition_math_3068,4.632728954364079,4.1691992551919235,math
stresstest_69_377_value2,-8.233320885502657,1.961393508143274,harmful_request
alpaca_5706,-9.1712298680414,-1.964788528067709,content_generation
stresstest_32_1407_value1,10.0,4.110840536885939,harmful_request
stresstest_17_954_value2,-0.9214738164434482,1.1910994334341565,stresstest_other
competition_math_2353,9.926910154091555,3.018369782754219,math
alpaca_6342,-1.2509010826784455,-2.214696559927813,knowledge_qa
alpaca_13737,0.6835009499093664,-1.393632795814825,knowledge_qa
alpaca_10931,-5.666131859523859,-2.0771326044294263,knowledge_qa
wildchat_47252,-2.107724368683542,-0.6217462038688266,knowledge_qa
competition_math_10564,-1.5641539195997958,2.0873149289219706,math
alpaca_11499,-9.246028443084814,-2.724821858065445,content_generation
stresstest_34_412_value2,-9.15263953811711,-1.9698628795025641,stresstest_other
wildchat_51287,1.3627306532973869,0.9190899370596446,content_generation
competition_math_424,3.1720080519077096,0.6333434422326998,math
alpaca_5894,0.4717638408498042,-2.5420802835269445,content_generation
stresstest_87_1409_value2,-6.081630420014192,0.8544147973956403,stresstest_other
stresstest_66_1097_neutral,-4.335205913559951,0.3703851620157228,sensitive_creative
competition_math_9706,5.669892391098048,2.4429130500957665,math
alpaca_14346,0.43022176972244447,-1.3366615887422126,knowledge_qa
stresstest_65_940_neutral,3.3021619496126107,1.311360566085456,model_manipulation
competition_math_5837,0.19671802374934294,3.371189013643523,math
wildchat_7233,-2.2069415018469924,-3.165621523989616,content_generation
wildchat_6064,0.23675785024281876,0.803212310386924,knowledge_qa
competition_math_9088,-9.153011281751134,1.0679314697454392,math
stresstest_6_1324_neutral,-3.1132781685498996,0.012314790713295665,stresstest_other
bailbench_1089,-4.005644576306377,-3.013044306023839,harmful_request
alpaca_10836,-3.7070324464592495,-2.0760892947567267,knowledge_qa
wildchat_62238,-3.3255369720675954,-1.526915002411131,knowledge_qa
wildchat_59073,-10.0,-3.327638488143128,content_generation
wildchat_38461,1.0583709938120895,-4.3064521206506345,content_generation
competition_math_11800,-3.1160454189596702,2.241058660389377,math
stresstest_14_269_value2,-0.5895715234469644,-0.057071126087825164,stresstest_other
stresstest_78_348_value1,-8.23091740243285,-1.2243420816141883,stresstest_other
stresstest_91_129_value2,-0.16041341772414675,0.6045161731601287,stresstest_other
stresstest_43_51_value1,-1.6373044827061338,0.6885842331278009,harmful_request
competition_math_4961,5.542062525696862,3.2060993172389507,math
competition_math_3641,10.0,3.7455586219647024,math
wildchat_47281,1.6833417045706869,1.5656119316483408,content_generation
competition_math_4234,2.6530294814994684,3.6292898878284445,math
alpaca_3614,-4.962703870711681,-1.1076239953919416,knowledge_qa
wildchat_27132,-9.10290945056523,-2.689279576042087,knowledge_qa
wildchat_17546,6.863861238993116,0.6134866914046395,knowledge_qa
alpaca_12269,-0.6033082719202318,-2.7125616878310783,content_generation
stresstest_35_880_value2,10.0,1.982566656275194,stresstest_other
alpaca_7053,-4.606085504515432,-3.025154960408422,knowledge_qa
wildchat_48319,-1.6643721029966019,-2.389691754221619,coding
alpaca_12631,-2.790603960021614,-3.5212567795141503,content_generation
competition_math_3639,4.312497043410611,1.0008388828180477,math
alpaca_2260,-2.2784039997639725,-2.4035609144186036,content_generation
wildchat_45056,-1.6330825700845217,-2.2501924293627726,knowledge_qa
wildchat_50286,4.922333467756539,-0.11027093758647277,knowledge_qa
alpaca_7285,-3.9299166585176306,-1.4143994158816877,content_generation
stresstest_95_477_value1,4.540591846140047,2.673902423668255,value_conflict
alpaca_4751,1.412596053414223,-1.81223693751325,content_generation
competition_math_1031,-4.260411887255798,1.1129844899501364,math
alpaca_600,-4.310461463032413,-4.068617455686038,content_generation
wildchat_8107,-3.9672703942286547,-0.8681244966301023,knowledge_qa
alpaca_9664,1.2136088356717798,-0.9901500667102194,knowledge_qa
bailbench_340,-2.351777207303231,-1.9959031505866585,harmful_request
alpaca_3665,1.4259239855554426,-2.6001852583493648,content_generation
alpaca_2981,-8.551851362007865,-2.674177044036849,content_generation
alpaca_650,-6.617950626976757,-2.7713541348651427,knowledge_qa
competition_math_9895,-3.439472214061518,1.9241211775826979,math
bailbench_1481,-5.534207069874895,-3.113173353173279,harmful_request
wildchat_22474,-1.9186589593218992,-3.1436151355120305,fiction
competition_math_418,10.0,3.728629252110384,math
alpaca_2784,-8.665580504563424,-3.1389109160229323,knowledge_qa
wildchat_46569,-1.584742046341628,-2.8296971345575814,knowledge_qa
stresstest_25_593_neutral,-9.342103954413831,-1.964471423793721,harmful_request
bailbench_716,-9.145100612590982,-3.17575344923835,harmful_request
alpaca_5876,-4.397805376918754,-2.4923239613760577,content_generation
competition_math_9718,0.11282114468058159,1.8327487960257107,math
