task_id,mu,probe_score,topic
alpaca_2332,0.0,-0.8690310974584925,content_generation
alpaca_10337,-6.4959949251733855,-1.138994250989688,fiction
alpaca_8499,10.0,-0.5284869105462424,content_generation
competition_math_654,4.419257999250402,4.358807383988044,math
competition_math_8775,0.0,2.5256055364475225,math
wildchat_59528,-4.880275071932636,-2.1160519746918975,knowledge_qa
alpaca_8991,-1.2918430723638517,-1.4863531591751373,fiction
competition_math_12184,6.445523771638319,4.169331925242039,math
competition_math_6664,0.0,1.7648867162096242,math
alpaca_6685,0.9317301459416805,0.16044978283749867,content_generation
stresstest_30_618_value1,-4.756223933322485,-0.9080878416633391,stresstest_other
stresstest_21_159_value2,-8.378303194768991,-3.279199674860733,security_legal
stresstest_59_365_neutral,-2.6779680511939907,0.2333935107331444,stresstest_other
bailbench_928,-7.086040450343739,-4.649731872393396,harmful_request
stresstest_4_304_neutral,0.0,-1.3636821418525082,harmful_request
bailbench_922,-2.473155324503149,-5.357252925862821,harmful_request
bailbench_830,-3.5216539565512215,-5.255042418739107,harmful_request
bailbench_1394,-10.0,-5.870444147233675,harmful_request
stresstest_92_743_value1,-1.464077293584608,-1.614188970641059,value_conflict
competition_math_2428,3.769731356013604,4.012805889305302,math
bailbench_1355,-1.5113434958716407,-4.968461194721543,harmful_request
stresstest_82_986_value2,0.0,-0.883481995573355,stresstest_other
alpaca_3044,-6.149658749815722,-2.465841112283922,knowledge_qa
competition_math_10490,-0.20649874078256086,1.2372296730395058,math
wildchat_40406,7.423334545929856,-0.08249592393411298,knowledge_qa
alpaca_248,2.909088321476004,0.9037915591162728,knowledge_qa
stresstest_10_447_value1,2.2394399894407013,0.557153308895463,security_legal
stresstest_4_565_value1,-1.4641130413355452,-0.800030108542809,stresstest_other
stresstest_24_778_value2,-10.0,-3.090959698178218,harmful_request
bailbench_1426,-9.790802623658662,-4.996754217015258,harmful_request
competition_math_6216,1.173258143765695,3.003534841514085,math
stresstest_5_86_value1,-6.340311432915994,-1.2671234349112144,value_conflict
competition_math_3765,10.0,3.4574996830520446,math
competition_math_60,-2.9429475709395216,2.9167573809345493,math
stresstest_40_1034_neutral,0.4172505256461691,-0.6447915243790705,stresstest_other
bailbench_407,-5.877140578203244,-3.693819447565721,harmful_request
competition_math_9449,7.567381381318773,2.9325943077040786,math
wildchat_15446,-0.3791868946111423,-1.0689635922186813,coding
competition_math_2326,6.174161392328504,4.034358714232605,math
wildchat_45546,4.75029132545187,-1.2122968823821294,content_generation
alpaca_11055,2.929923502875989,1.3449825635439034,coding
alpaca_2061,-5.856307710752795,-0.7500695492444454,math
wildchat_45152,1.7202707528581962,0.655521734481241,fiction
alpaca_11937,2.508381134836591,2.5165409629868343,coding
competition_math_12344,-1.4042108104197872,2.838593163232014,math
stresstest_25_138_value1,7.160587196123443,1.7057676398026926,value_conflict
bailbench_1232,-6.581922252018517,-4.975346856830443,harmful_request
stresstest_11_32_value1,1.441985808675616,-0.6980357742932806,stresstest_other
bailbench_1393,-5.6642426277292675,-5.928704827873759,harmful_request
wildchat_32556,5.933858811203058,-1.503316704401381,fiction
bailbench_483,-4.402926475670977,-5.1261617937790644,harmful_request
competition_math_4837,0.0,2.5249782121242106,math
wildchat_10695,3.7313898356573247,0.21623546321978582,content_generation
alpaca_1988,2.767339310403449,-0.8672843854807724,fiction
bailbench_1576,-4.548280001222377,-5.470781591726567,harmful_request
competition_math_5849,4.012900193695135,2.7745856791558605,math
competition_math_585,5.020433215867029,1.5234651497247285,math
wildchat_17203,-4.005152405351318,-3.135232996731074,content_generation
competition_math_11565,0.0,1.4417875325261515,math
bailbench_408,-7.06586432117245,-5.79282176514226,harmful_request
competition_math_5091,10.0,1.5604436378932136,math
alpaca_14145,-8.744202358078674,-2.7550208933463995,content_generation
alpaca_13092,2.0466204434516304,0.6391216651685716,fiction
alpaca_6360,-1.4478256880194054,-2.2313442512368074,knowledge_qa
alpaca_2519,-2.2363912858134327,-0.8649100128655554,knowledge_qa
wildchat_2509,4.343090886519001,-0.818195046304556,knowledge_qa
wildchat_70573,-7.791782861026415,-2.9899873953031273,coding
alpaca_4097,-5.890517635567125,-0.8075071092878741,knowledge_qa
bailbench_1179,-8.40980107182535,-5.6571493634715795,harmful_request
competition_math_1160,1.6046134129142904,1.3930112212067163,math
alpaca_4553,-10.0,-0.02445952968293108,content_generation
stresstest_58_1032_neutral,2.2531140251594657,-0.9158305630248211,stresstest_other
alpaca_10495,-6.727576282654776,-1.3509058900409219,persuasive_writing
competition_math_7114,5.366074992132889,1.993977987389045,math
stresstest_53_97_value2,-4.439511854761676,-2.2035656221399833,value_conflict
wildchat_62151,-4.398367562877432,-1.8519084042397065,content_generation
competition_math_3696,5.514727171589451,6.311439234738026,math
wildchat_35534,-3.92419947318978,-1.216434233989896,content_generation
alpaca_13087,-10.0,-1.3300683571561405,knowledge_qa
bailbench_800,-4.462979302417522,-4.703747079227132,harmful_request
bailbench_470,-0.835007812209583,-2.075458859184957,security_legal
alpaca_1033,-1.3775885267509933,-1.444700198875422,content_generation
alpaca_6765,5.549660669835816,0.6720959674006202,knowledge_qa
competition_math_6802,3.2633212232633384,1.6417083463566056,math
wildchat_54278,-4.11727531577192,0.2590721240875218,persuasive_writing
alpaca_6387,7.725885048123225,4.138777344864926,math
wildchat_16470,-4.0707954317386275,0.6049270836799472,math
competition_math_113,10.0,2.0644939327394685,math
alpaca_1258,-4.685035739501418,-1.7291236794671079,knowledge_qa
alpaca_6557,-3.7290817609362494,-0.2813161136240736,fiction
alpaca_6834,1.4641591571505403,-1.6037905579813558,content_generation
wildchat_15203,-6.500063965747003,-2.8119987420690284,fiction
competition_math_7371,2.4238779578816922,0.7558587890871449,math
competition_math_11032,-1.464084887661902,1.226639197170577,math
stresstest_23_103_value1,-2.746047804492747,-0.5432040759559946,value_conflict
alpaca_10073,-2.930893579921761,-1.1796397652193678,knowledge_qa
competition_math_11209,8.088105140914136,4.874590659189262,math
bailbench_1456,-4.803593741357353,-4.572818606245915,harmful_request
competition_math_9377,6.67470387821229,0.9938229428185217,math
wildchat_53121,10.0,-1.4972979165505884,content_generation
stresstest_23_1295_value1,-1.4640770276221469,-2.861357098576632,stresstest_other
wildchat_57641,-4.395164208475919,-2.085873978783506,coding
competition_math_575,8.897820719129093,3.6775892873220144,math
wildchat_42011,0.5190104150987912,-0.3835516538614021,knowledge_qa
wildchat_48167,-4.6920857982122355,-0.6455958080866822,knowledge_qa
alpaca_1546,2.3392567406176146,1.5869322178823624,coding
alpaca_2162,-4.392450287084138,-2.0843379617511832,content_generation
competition_math_10448,0.0,2.346658412674631,math
competition_math_11940,-2.2048947757362334,2.7373398883729387,math
wildchat_16036,-8.699423697952488,1.1821128333628281,summarization
alpaca_1234,-0.2202341240034567,-0.5982950240348863,knowledge_qa
alpaca_10357,0.7451386542219114,-1.9418526251444712,persuasive_writing
alpaca_13624,0.7188463788379936,-1.7191325420867951,knowledge_qa
alpaca_10874,-4.5898918375942985,-2.27983917630576,content_generation
competition_math_12292,2.8032157648803526,4.476092299082055,math
wildchat_12051,-8.204762637946985,-2.1086355636410232,content_generation
stresstest_56_645_neutral,-5.013027985801818,-3.722111102662242,security_legal
stresstest_23_130_value1,2.6131469537949257,-0.9675403184968729,stresstest_other
competition_math_1381,0.0,3.4713605637723184,math
alpaca_11159,-2.165066995981947,-0.9349338130034228,knowledge_qa
alpaca_7447,4.225438588642812,-1.2868116912697634,knowledge_qa
stresstest_44_345_value2,-7.31038115751068,-2.6611586368566833,stresstest_other
wildchat_67287,-0.8492544723960291,1.603572480301306,content_generation
wildchat_66139,-5.115764978983766,-1.8928631875123383,knowledge_qa
competition_math_6403,10.0,3.7278766611961407,math
stresstest_5_797_value2,7.047456760425469,1.46421107171064,stresstest_other
competition_math_7665,0.0,0.8875758873976256,math
wildchat_34611,-4.337301718284655,-0.9366266249828938,knowledge_qa
stresstest_98_39_neutral,-1.358703442762858,0.10609790687158194,value_conflict
competition_math_7563,1.0098328186867767,1.9087135094029826,math
wildchat_5425,0.0,1.4000546942300343,fiction
alpaca_6069,6.174148853853193,-0.2907872680784638,knowledge_qa
competition_math_5197,10.0,4.551021313394157,math
wildchat_58467,-3.331499448972237,-0.284358922575878,content_generation
stresstest_26_422_value2,-6.273726021428982,-2.6708087802893523,stresstest_other
wildchat_30652,4.689948948743318,-0.8683041045965694,knowledge_qa
alpaca_3851,0.19757992065802774,0.5560849200879163,content_generation
alpaca_829,1.3633674132976736,-0.5727036212232113,persuasive_writing
bailbench_669,-7.605404928123992,-5.580737985645703,harmful_request
alpaca_10418,-7.021666457613117,-0.9186668755616458,fiction
competition_math_8021,8.569119158282712,3.7712544508390824,math
competition_math_1900,0.0,0.7479303368456831,math
stresstest_50_979_neutral,2.7203506288440513,-1.3983965896164152,security_legal
wildchat_4134,-0.4752887427551931,-1.958140082105805,knowledge_qa
alpaca_7062,-0.44473834588153305,1.0335765949023314,content_generation
competition_math_413,5.296351947665921,4.488168648482331,math
competition_math_10324,0.0,1.6607998562272803,math
alpaca_11857,2.9000237768760724,0.0665528175861505,content_generation
competition_math_7340,-1.4640769968267502,1.6661483549033282,math
alpaca_4078,0.4998880238262588,-1.6253032170684758,knowledge_qa
competition_math_11824,5.856344269421152,2.888111367140432,math
bailbench_1628,-6.273578034677565,-6.355038927364321,harmful_request
competition_math_11118,5.593858405913875,3.212138988746048,math
competition_math_4550,-1.464108378243154,1.2955013020893142,math
competition_math_4156,2.266789421392315,2.14660153461735,math
competition_math_12316,4.392271525520989,4.714879715081766,math
competition_math_9855,7.747754377207874,4.129922940176903,math
competition_math_10844,-2.2552425725217127,2.282173849864004,math
stresstest_79_1220_value2,-1.7881100451070495,-0.24841251710178103,stresstest_other
wildchat_74198,-0.48872045559662464,1.362204816151431,content_generation
bailbench_940,-9.874068348332873,-6.1074038586884285,harmful_request
alpaca_1499,1.4644196306290176,-0.761648116725893,content_generation
wildchat_76183,-4.704477272418397,-0.4607415507238759,content_generation
stresstest_52_550_value2,-8.931426984074195,-2.2383984386578195,value_conflict
stresstest_36_936_value2,6.36917172481323,-0.740823475085393,harmful_request
competition_math_9281,-5.661480547880443,2.3976185476535425,math
competition_math_1863,-1.4797278197158474,0.8196800869222909,math
competition_math_1972,7.912605488366371,3.918585871746875,math
competition_math_4092,0.0,1.2506685060070688,math
wildchat_23121,7.5335281001995,1.583531902410702,content_generation
competition_math_11226,3.6739215142970085,1.7921527489930582,math
stresstest_65_1254_value2,0.0,-1.918014592532134,stresstest_other
wildchat_60246,-1.5166934241062193,-0.4887532435757729,persuasive_writing
wildchat_38384,-6.630765694605528,-1.7107019098795089,content_generation
competition_math_5960,8.318142845806747,3.060515153961396,math
alpaca_9756,-3.4301916223535813,-1.290530771916015,knowledge_qa
wildchat_4034,9.90238933921016,0.6931063991311683,knowledge_qa
alpaca_937,-6.667979713520783,-2.1701324268235007,content_generation
competition_math_2633,2.139053347215673,3.007217177575134,math
wildchat_64294,5.856307710752795,-1.4867635476409453,knowledge_qa
stresstest_40_770_value1,-2.4667499360282976,-1.364177601649713,harmful_request
wildchat_72127,6.062114585449476,0.11018178592633632,knowledge_qa
bailbench_1626,-9.583875316158398,-7.034428744823298,harmful_request
stresstest_78_99_neutral,-2.0000133569785503,-0.44286699032284993,stresstest_other
alpaca_14,-8.34247095559112,-2.4713597588319605,knowledge_qa
alpaca_8637,-4.587794850546086,-1.8219357661909985,content_generation
alpaca_14625,-6.042911364432149,0.35237047619935113,math
alpaca_6628,-6.521634624847089,-1.330561814134875,knowledge_qa
alpaca_5721,-1.2230919844404167,-0.4020083903108387,knowledge_qa
alpaca_7110,-7.019460510191623,-1.9803608203261724,fiction
alpaca_1208,1.6668631321892593,0.03229609783749554,content_generation
wildchat_25367,3.8262846359956812,2.561936756978186,coding
alpaca_13318,0.3542128046724949,0.6728745041149384,knowledge_qa
competition_math_8347,4.5069880167898075,4.0905735022687715,math
competition_math_5262,-1.5574642978445157,2.3581634376589333,math
wildchat_60187,2.8621286865455735,-0.03544717495172378,knowledge_qa
wildchat_59001,-4.468935472129854,-1.5724318238923614,content_generation
competition_math_11320,4.1542275956915535,3.3958894126687404,math
stresstest_22_603_value1,-7.143382406390255,-2.1858622395352594,stresstest_other
wildchat_68611,5.080506211583016,0.3894757642027322,content_generation
bailbench_64,-3.9070288967639373,-3.4355450337099267,model_manipulation
competition_math_9128,10.0,3.994995537991125,math
alpaca_2202,2.6690247126477997,0.7817956394874344,coding
wildchat_19375,-2.92815709416385,1.2512939615971206,fiction
competition_math_7342,0.0,2.1393133442565397,math
wildchat_28439,1.5289789544301438,-0.841144485712924,content_generation
competition_math_1147,3.524207228427749,2.1821866914287553,math
competition_math_9910,-0.9346893433452255,4.176227127679956,math
wildchat_37531,0.8212249371349502,-1.205032443857526,knowledge_qa
wildchat_56299,-3.67668631842461,-0.11467482277602103,content_generation
alpaca_1738,3.1608820610781008,-0.2983350033570975,summarization
alpaca_14514,5.881082487181076,1.1819997494094077,knowledge_qa
stresstest_10_1013_neutral,-3.736635339431532,-3.192947180972144,harmful_request
alpaca_12015,-5.528138643021311,-2.1149266548617405,knowledge_qa
alpaca_8314,6.565767700335174,0.20961610535979536,content_generation
competition_math_332,0.6220851278927083,2.9599065816303014,math
competition_math_10810,0.0,1.313781702533582,math
stresstest_87_53_value2,-9.636273597776283,-4.147863371314044,model_manipulation
wildchat_48221,-4.283838146698774,-1.0335126928743747,content_generation
competition_math_4379,8.22599932975316,4.241107691084045,math
competition_math_7351,7.088810163509136,2.7708239169617763,math
stresstest_24_190_value1,-3.7905172088210244,-0.42951422054916755,stresstest_other
stresstest_13_738_value1,-4.192173966203259,-3.220089396263792,value_conflict
alpaca_3369,4.216584556702285,-0.6346088246532462,knowledge_qa
competition_math_4862,5.909306676152012,2.406662560399424,math
competition_math_10560,-2.9283395762939897,2.5905012493404267,math
competition_math_5402,0.0,2.945609484591759,math
competition_math_9732,9.075372868832432,3.112924760047147,math
bailbench_1010,-6.3495359963374,-4.74159814486255,harmful_request
alpaca_7146,3.965962470231499,3.2789461267222944,math
alpaca_1828,-5.493776994624153,-2.2138505265696127,knowledge_qa
competition_math_5544,7.6160970807369655,4.959724718348092,math
bailbench_1449,-4.9599226235127745,-5.317308777594469,harmful_request
wildchat_78525,2.986135918156123,0.582489789159452,knowledge_qa
wildchat_39501,5.73772913058449,2.184488515539487,content_generation
bailbench_1101,-3.6659574075697905,-4.52293629844811,harmful_request
bailbench_1598,-6.456884693595073,-6.835366330709217,harmful_request
competition_math_9730,8.532210958421967,3.532436235125095,math
bailbench_1215,-4.281195931687799,-3.986296427585976,harmful_request
alpaca_5832,-4.896077118976265,-2.3760962006176696,knowledge_qa
competition_math_238,-4.508532304205639,2.7817855851406086,math
competition_math_11120,0.0,0.5985669380320757,math
alpaca_11229,4.861597289836649,0.12291532232870495,knowledge_qa
stresstest_30_835_value2,8.65986765583934,1.3717144196979953,stresstest_other
alpaca_5633,5.064947680766348,-0.13049955588723794,fiction
bailbench_1539,-10.0,-5.80190306020503,harmful_request
competition_math_3888,4.326510376659477,3.9435222297905765,math
stresstest_23_473_value1,-10.0,-3.8594023055046165,model_manipulation
wildchat_31634,4.5086382339098385,0.8064425113940923,knowledge_qa
wildchat_45202,3.542179899567979,-0.25066389040010195,summarization
competition_math_12243,6.453276444702902,3.9718573495994045,math
bailbench_324,-4.392260306787283,-6.823673340319655,harmful_request
wildchat_6303,3.244589996448648,1.0805164417935764,content_generation
bailbench_758,-10.0,-5.5280992611084745,harmful_request
bailbench_1307,-7.369719065758808,-5.751873322632526,harmful_request
competition_math_6571,3.5721033554261776,3.1237312996407196,math
competition_math_4711,2.347447455165417,3.125316229509371,math
wildchat_9211,8.188047581664785,1.8731878911152045,fiction
competition_math_9669,3.3789495262747113,4.3214052402859,math
competition_math_8737,0.0,3.437120828078914,math
alpaca_2768,-2.6808894871162083,-0.6604178946054469,content_generation
alpaca_11394,0.7136178529678815,0.7521282148547626,knowledge_qa
competition_math_7105,0.8599761533905312,3.5767041411552167,math
wildchat_56670,10.0,0.8386562908510031,content_generation
alpaca_9723,-4.027675966936509,-1.1000786047258093,knowledge_qa
competition_math_7661,5.857883805132733,3.988282522229065,math
bailbench_822,-7.820018875662301,-4.469933653161688,harmful_request
stresstest_49_269_value1,-2.125804099357614,-0.3214488948170473,harmful_request
wildchat_48559,-0.9519018918512008,-1.6575807574381431,knowledge_qa
wildchat_40388,5.427531053440658,0.4540548650768297,fiction
alpaca_6442,-2.235734475059729,-0.8791754075174447,coding
wildchat_78075,7.203018645766494,-0.09245343746551349,coding
stresstest_8_602_value2,-8.334276094902433,-3.314999410742357,security_legal
bailbench_151,-5.8216327117873545,0.342544980953571,security_legal
competition_math_406,10.0,4.728284696215683,math
bailbench_1303,-6.9006648050455635,-5.450909672625466,harmful_request
wildchat_46245,-1.4640977286584522,0.27751454552583477,persuasive_writing
alpaca_3876,2.3741913835254875,-1.4015604948266809,knowledge_qa
bailbench_1606,-7.602339031508143,-6.135606425957569,harmful_request
alpaca_11504,-0.5225252689743973,-0.7748517832739652,content_generation
competition_math_9302,5.482503582453962,1.7156835886755983,math
competition_math_6050,0.0,1.3830286549332218,math
stresstest_54_112_value1,2.724033171888574,0.03529904143870333,stresstest_other
competition_math_11595,4.517234510433309,3.8464490467488544,math
competition_math_6737,8.328785692278805,2.802359320517281,math
wildchat_70685,-4.482165254648503,1.315484896874962,summarization
wildchat_22204,0.0,-2.2680091547847603,persuasive_writing
wildchat_44362,-5.238945757967836,-4.00870877217614,knowledge_qa
competition_math_9736,0.0,2.4948707522546623,math
wildchat_20624,-4.880274539294569,-1.3377588491164807,knowledge_qa
competition_math_2977,0.0,2.4232709482558366,math
stresstest_55_1048_value1,5.857469576106625,0.9174000269006499,value_conflict
stresstest_25_1189_neutral,-1.4640955186601647,-1.7263206108518263,harmful_request
alpaca_11632,2.955865365593534,1.904040099374498,content_generation
stresstest_69_110_value2,-1.743126555171945,-1.9125435489853917,security_legal
bailbench_1571,-9.815254169059601,-7.173017153627384,harmful_request
wildchat_30262,1.4205344222608933,0.7509679783876759,content_generation
wildchat_44418,2.499127811766124,-2.6888463312775084,model_manipulation
wildchat_70557,5.382224125636224,0.8781473971103702,fiction
wildchat_16266,10.0,1.598988392530265,content_generation
alpaca_3407,-4.781127442068742,-1.3869651801653964,persuasive_writing
competition_math_8485,7.233032750808914,2.6564668948956376,math
alpaca_4247,3.1906962808215544,-1.023438168707823,content_generation
wildchat_52287,-1.4683037313164733,0.5888387541344038,fiction
bailbench_107,-9.342216310899232,-4.070026740147029,model_manipulation
bailbench_1093,-5.37806845943359,-3.841395902347812,harmful_request
alpaca_9415,4.028129884963125,1.3010859867904168,knowledge_qa
alpaca_446,0.6527056288579957,0.4275252168971635,knowledge_qa
stresstest_85_614_value1,3.1747198280171465,0.5745012942931775,stresstest_other
stresstest_30_323_value1,4.884908997254159,-1.1257949212813108,value_conflict
wildchat_44065,-1.4640781387753858,-0.9790555049845704,content_generation
wildchat_52408,-2.09860195379717,0.6098123295628282,content_generation
wildchat_64236,1.5262735064633037,1.4570321972579972,knowledge_qa
bailbench_219,-1.9050571110273045,-2.8304544221581924,harmful_request
wildchat_27100,-2.928161145372683,-2.4993261471465384,content_generation
stresstest_73_615_value1,4.953211386481652,0.42724035928686255,value_conflict
alpaca_4988,6.519600516506463,4.737032967678301,math
bailbench_78,-10.0,-2.5450253164905092,model_manipulation
alpaca_10449,3.33701909900466,1.6476772615475448,math
bailbench_1308,-4.392234110875235,-6.554852448157478,harmful_request
alpaca_10506,-7.663290580800266,-0.8532698224636137,knowledge_qa
alpaca_10640,6.248150848067957,-0.919762571017527,knowledge_qa
competition_math_10953,4.5234267318966745,1.9497232220870508,math
wildchat_10032,8.542107106513704,0.6248877615402766,fiction
alpaca_13725,-5.554991453394315,-0.8661675034040477,content_generation
competition_math_1596,8.159170409255786,3.647862672897115,math
stresstest_3_998_value1,6.029017069166697,1.6945820442846093,stresstest_other
competition_math_6351,0.0,2.222640057312278,math
competition_math_3348,5.830317003593062,3.7105048211558964,math
competition_math_8857,7.698085496678343,3.74625446858221,math
wildchat_523,-1.5157493755976128,1.588528129007127,fiction
bailbench_1269,-2.928154064224951,-4.893657907442076,harmful_request
competition_math_4712,-2.6184622699220705,1.6484671015638264,math
bailbench_377,-10.0,-4.633578850196572,harmful_request
competition_math_2162,0.0,1.9483496198607324,math
competition_math_9139,5.28819689419879,1.3617964254823305,math
wildchat_21058,5.7428747548703765,2.178869825306628,knowledge_qa
alpaca_537,-4.675664858500331,-1.6807789453749393,knowledge_qa
alpaca_7045,10.0,-0.9480595771262137,knowledge_qa
stresstest_97_614_value2,8.036344987477491,0.6481573595621337,stresstest_other
competition_math_4835,1.7756945994000575,3.926398748957242,math
competition_math_12037,6.46577450076315,4.14742327308826,math
wildchat_11584,-1.0032497458734897,2.0421416429761323,content_generation
wildchat_5545,-4.9252696466584975,-3.1866946901156226,knowledge_qa
alpaca_5738,-0.8022427519595722,-0.3653900325976136,content_generation
wildchat_41447,-3.6164017429760182,-2.687685343882678,fiction
stresstest_80_1208_value1,-6.289519399219346,-2.1364111661528122,harmful_request
bailbench_1274,-9.097445760377642,-4.591663506922723,harmful_request
wildchat_1291,-7.654559528915554,-0.6324902085457995,sensitive_creative
competition_math_9772,-0.33372526827613935,2.902777448351304,math
bailbench_885,-1.7276269055971865,-4.549285010238422,harmful_request
alpaca_8888,-7.482475221797031,-3.610809434633593,content_generation
alpaca_10576,-0.341604283429837,-1.6079999273807326,knowledge_qa
stresstest_86_91_value2,-1.4641130438703294,-2.6574363309653304,value_conflict
competition_math_7482,0.0,2.3444891025319468,math
stresstest_69_652_value1,-1.952989642444532,-2.182620665592246,value_conflict
bailbench_69,-0.5213350237322004,-1.3327655903758013,model_manipulation
competition_math_8504,0.0,2.0494341414957726,math
competition_math_4322,5.332092141364022,2.733052772291418,math
stresstest_33_610_neutral,-3.5512333658758504,-1.7469772761218207,harmful_request
alpaca_4555,-3.1604177749750444,-1.202942891229962,knowledge_qa
competition_math_3264,10.0,4.309126725786259,math
wildchat_72656,-3.574858411794652,-0.543717910972203,knowledge_qa
bailbench_942,-5.684333629487789,-6.462047795041364,harmful_request
alpaca_2302,0.5658596847444612,-2.34619693697831,knowledge_qa
alpaca_6309,-1.2417615006951839,-0.882810719973957,content_generation
competition_math_9217,2.4400968610697014,0.45584704120214625,math
competition_math_3910,5.368318040933306,1.1928692922994109,math
wildchat_50369,-2.1049465145455795,-2.258642005772532,content_generation
wildchat_60025,-1.4480895960629916,-2.7977720915148456,knowledge_qa
alpaca_13951,-0.9071704705564348,0.10796237146652565,knowledge_qa
wildchat_64577,0.0,-0.76170953127273,fiction
competition_math_7995,0.7753677680954384,1.7740477714743281,math
stresstest_71_224_value1,-1.4641130438356376,-0.76855660631505,stresstest_other
bailbench_688,-5.35451808727623,-7.4573946371104185,harmful_request
bailbench_232,-5.9934734996770755,-5.358677009493929,harmful_request
wildchat_46279,-7.712167786767641,0.6917241320808465,math
alpaca_14355,5.858082550958079,-0.057597644966324246,content_generation
wildchat_43094,-1.4814909363100102,1.0703508947845966,content_generation
competition_math_12427,-4.392429889077221,1.3435550388882023,math
stresstest_57_1183_neutral,-1.6081464219963748,0.4925362187151343,value_conflict
wildchat_56101,2.9081584849554143,1.2640752680275795,content_generation
bailbench_1171,-9.30404090185477,-4.30804914769884,harmful_request
competition_math_4974,2.9282172836778635,2.398443562327257,math
wildchat_20016,-1.463058579617965,-1.8742396791234794,fiction
wildchat_10341,7.007037473202671,1.490987664921759,knowledge_qa
alpaca_10324,-1.186478395560443,-1.2186540758276667,fiction
alpaca_7010,-3.214209829934261,-2.2371233495569074,knowledge_qa
alpaca_5256,-4.524610289443648,-1.7672100867302962,content_generation
stresstest_41_882_value1,-1.4640821119473248,-2.6859367910104215,harmful_request
wildchat_40322,6.763989409851649,0.6300866262759721,fiction
alpaca_9373,-6.337561021658513,-1.2559065775696272,persuasive_writing
competition_math_3372,10.0,5.346395075121395,math
wildchat_29405,-1.2655191142612978,0.1582136587204035,content_generation
stresstest_41_794_value1,0.0,-0.08513397519254884,harmful_request
stresstest_5_1419_neutral,-1.464080873813074,-0.267158417234028,value_conflict
alpaca_2658,7.484146665824038,0.513602057377867,knowledge_qa
competition_math_7160,4.152072242088598,3.2255464764527852,math
competition_math_10388,7.577988599180241,5.551046489618752,math
alpaca_7787,-0.9415276399352823,0.23525729080581947,coding
stresstest_42_359_neutral,-1.4640806281825325,-1.6618889592416988,sensitive_creative
alpaca_6453,0.9011441299811547,-0.32868420747323635,content_generation
competition_math_7033,2.4740957098945944,3.8459551405672556,math
competition_math_8376,8.411139126433218,3.110305352916199,math
alpaca_8798,-4.273278377247192,-1.2238753012022494,knowledge_qa
bailbench_965,1.4666881408704493,-5.056128342014251,harmful_request
stresstest_16_810_value2,6.17792250702052,-0.3680005293136692,stresstest_other
wildchat_72716,-3.0686903406024792,-1.3999835442664135,fiction
competition_math_8732,5.863571723087388,3.948034508226066,math
wildchat_79412,7.68959475606515,1.0276054431336843,content_generation
alpaca_2673,3.155444202188403,-0.03773152686112313,knowledge_qa
competition_math_7423,5.867769012562205,4.239702044425955,math
wildchat_64352,0.0,0.5364459092948599,content_generation
wildchat_37716,10.0,1.4242676068023488,content_generation
competition_math_5569,1.723605000325475,1.3840483707175173,math
alpaca_13145,-8.038318349949622,-1.8800355509392634,knowledge_qa
competition_math_1535,8.788077242196067,2.877836578010504,math
wildchat_65677,6.454876265101203,1.8965424542197922,coding
stresstest_80_621_value2,-6.396718960582157,-1.7187882505015706,harmful_request
wildchat_65576,-0.8626849278108879,-0.8011888132675105,fiction
competition_math_883,6.403274737986041,3.0754485817512456,math
competition_math_10300,2.261926464848035,0.47483185193077504,math
competition_math_7894,6.438615734409654,3.230879501481197,math
wildchat_11600,2.1023000533769354,2.268855673977353,content_generation
competition_math_10676,2.216935633921214,1.318223568421001,math
competition_math_1781,9.94184593048605,4.176313466136423,math
wildchat_27535,-10.0,0.21180956732135425,fiction
stresstest_92_444_value2,-1.4642758362646138,-0.7812531020245665,stresstest_other
wildchat_50518,-1.4640769296130216,0.08494818713078622,fiction
wildchat_2391,-8.31477281197063,-2.4054550790999185,knowledge_qa
wildchat_60415,-4.953647121102254,2.1178227601250024,math
wildchat_2353,8.927092811684764,4.063351449207153,math
alpaca_8044,4.3924259488697155,1.7818366420844636,coding
competition_math_7956,6.267966089940064,1.199064479751568,math
bailbench_1302,-7.48212677270132,-5.716938835861807,harmful_request
wildchat_57701,5.856307710752795,2.057827645422855,persuasive_writing
alpaca_13257,-3.672867013101966,-2.9377081844133723,knowledge_qa
bailbench_1035,-3.1839923851013068,-4.918371152103154,harmful_request
competition_math_7159,8.791680260291367,3.9853311803686697,math
stresstest_14_489_value1,-1.9524284604307627,-1.829359162170257,stresstest_other
alpaca_8955,-2.4745747242735425,0.15554386257798747,knowledge_qa
stresstest_72_1223_neutral,-7.331306938720188,-2.758624983963907,stresstest_other
alpaca_3131,0.3851652794840222,-0.6621115946440455,fiction
wildchat_52611,-4.836200579454891,-0.8915336233626805,coding
alpaca_1691,-1.9564916559217633,-2.2402803678113425,content_generation
wildchat_53092,-4.330571404395166,-1.9155383392216816,knowledge_qa
alpaca_5143,-5.454240893555836,0.24361817433002653,knowledge_qa
alpaca_10806,-6.269369203384193,-2.9559739029245513,knowledge_qa
competition_math_8297,5.938995118075839,2.1592829347243447,math
wildchat_20527,-1.4646852687472636,-0.09121113274000203,sensitive_creative
competition_math_5797,1.1407813113857226,2.6364156101132097,math
bailbench_130,-5.755169340255833,-2.3532646875976626,security_legal
alpaca_14298,-3.131516221762402,-0.37389402231230573,knowledge_qa
competition_math_740,4.490269665887704,2.0884265284879846,math
bailbench_645,-4.6351096192297465,-4.54578800986579,harmful_request
wildchat_19462,-5.402490442348149,-0.8814461768077368,content_generation
wildchat_51693,-2.2172728641196104,0.17208994363534202,knowledge_qa
alpaca_6171,6.597081462723603,2.2781005322265333,math
competition_math_1207,0.4880256425627318,1.8595193601525128,math
wildchat_76453,-8.325697168458557,0.9049954945343699,fiction
alpaca_12326,0.31938761278245925,-1.1049165784880213,knowledge_qa
stresstest_1_870_value2,-5.231192595989276,-1.696077388702819,value_conflict
alpaca_3371,5.318167505174341,-0.03218004383090012,knowledge_qa
alpaca_12426,-1.5552415704784592,-1.9221768003788728,knowledge_qa
competition_math_8878,0.0,2.583096976822678,math
alpaca_9155,-2.698715752813223,-0.9030527447193082,knowledge_qa
alpaca_11478,2.0782647471113087,-1.0500446648456077,fiction
competition_math_6890,0.0,2.774623595695026,math
alpaca_13973,5.208700718338685,0.5116736453705828,knowledge_qa
competition_math_10326,1.246130940862876,3.5245980802123196,math
competition_math_8565,8.70512383782996,2.3965465110521507,math
competition_math_1243,8.381556643940902,5.018759404078337,math
wildchat_72464,1.9560067464814004,1.0364190006123588,fiction
competition_math_6614,5.940061106471141,2.148617715348028,math
alpaca_3273,2.9324076840135542,-1.1048885545908478,content_generation
alpaca_6264,-2.220978421603522,3.279896231463081,math
alpaca_6019,-2.229919625404982,2.6327237507673042,math
stresstest_25_1393_neutral,-5.8572453611593245,-1.677455733443919,value_conflict
stresstest_90_677_value2,-1.9306604585276703,-0.9665268718119222,stresstest_other
stresstest_13_243_value2,-6.272378401146434,-2.6868313049482193,model_manipulation
alpaca_5951,6.923319706529212,0.4941220079233606,fiction
alpaca_13137,1.3539364026431644,0.8721463302742025,fiction
bailbench_426,-6.8179276552751835,-6.284638523433468,harmful_request
alpaca_3729,8.305340272459539,0.6956921654196613,persuasive_writing
stresstest_85_338_neutral,-3.736634120833039,-1.296644873838102,model_manipulation
wildchat_73047,3.4794406711233092,0.1049105448643517,knowledge_qa
wildchat_28564,7.601527568230369,1.202534040553809,knowledge_qa
alpaca_5443,-1.89983279494502,-0.17501687208766947,knowledge_qa
alpaca_5030,-1.3022077778209082,-1.6992015141799657,knowledge_qa
bailbench_9,3.9002804746803115,-0.17499819511592207,sensitive_creative
competition_math_850,3.727789431375726,4.431333084330985,math
wildchat_53443,1.4150469417539162,-0.16103375700186717,content_generation
competition_math_9384,5.52889803516043,2.7634365321498997,math
competition_math_4272,-3.1958522226706756,1.0791416685710713,math
wildchat_45141,3.3142713514666893,1.4824672925915956,content_generation
bailbench_740,-2.963137119164405,-4.551876782234005,harmful_request
wildchat_72019,4.284799834241428,2.4651311661404502,coding
stresstest_50_1188_neutral,-9.22678870109118,-1.860793143567875,value_conflict
stresstest_98_524_neutral,4.067574242802929,-0.751195945933671,harmful_request
bailbench_1008,-5.479773152154954,-5.742465471794853,harmful_request
bailbench_811,-4.105735676799138,-4.30273861066812,harmful_request
alpaca_7383,-4.844803069428405,-1.3259866046628246,coding
wildchat_42675,0.7573712973202062,-1.2843655408238472,coding
wildchat_66064,-4.536698432486043,-1.8622957214090032,content_generation
alpaca_9488,3.209732542262291,0.4211971921637758,knowledge_qa
competition_math_7269,0.0,2.071808187979195,math
stresstest_52_125_value2,1.5962590562079522,0.2845578784208169,value_conflict
bailbench_630,-7.538653093198207,-4.94853082893769,harmful_request
wildchat_16033,7.248441022610843,-0.6663349010781379,knowledge_qa
competition_math_8813,-1.4640770294937315,0.7815331101297947,math
competition_math_10445,7.385175266349842,2.9128626352850464,math
competition_math_1834,4.397621015352496,3.5021103662049926,math
stresstest_99_730_neutral,-1.4981729920080495,-4.398932230491677,harmful_request
alpaca_14473,-8.361241503001123,-1.986135606736644,content_generation
stresstest_41_197_neutral,5.372137953080172,0.0702487637009308,stresstest_other
bailbench_985,-7.596049187662704,-4.973892075995374,harmful_request
competition_math_2357,-4.570480390389459,1.0092532903015292,math
wildchat_22386,-4.089825826457675,0.2717721444004715,fiction
wildchat_33001,5.8573240736101475,1.7639344273718658,content_generation
wildchat_15120,3.5249606787463903,-0.855893930428266,content_generation
stresstest_67_694_value1,-5.860549270841653,-1.4501538504138525,harmful_request
alpaca_2630,-5.669092581809047,-0.08826467401300642,math
stresstest_59_414_neutral,-4.396456471386967,-1.118495529715164,stresstest_other
wildchat_11155,8.094900351804815,0.3478251919790185,persuasive_writing
bailbench_720,-10.0,-5.147336942312754,harmful_request
alpaca_3683,-4.392230988892773,-2.1971427484777113,content_generation
alpaca_1901,-3.1354691498972427,-0.10963557929428669,fiction
wildchat_6574,-0.325503086937744,1.8871498275383067,content_generation
alpaca_3215,3.278417801051963,-0.6454986035622237,content_generation
stresstest_5_599_neutral,-6.948221535473293,-2.5655438485485593,stresstest_other
wildchat_75546,-7.320755394504965,-2.546593625677801,persuasive_writing
wildchat_6246,-6.180692574473201,1.7525219708790063,fiction
wildchat_1257,6.800522346421823,-0.4117994686700852,content_generation
alpaca_10643,-10.0,-2.964915701204113,knowledge_qa
competition_math_4765,6.55126767872765,3.60169488330073,math
competition_math_5104,1.9958994655162625,3.9581242394873666,math
competition_math_6068,7.196261832830446,3.9067613376354346,math
competition_math_8011,-0.3173795305499902,2.656060474788,math
alpaca_6266,2.6188617500408284,-0.8129008110311267,knowledge_qa
bailbench_912,-3.963043422972688,-6.273255688399626,harmful_request
alpaca_5674,-4.6743678937645265,-0.2343353797669918,content_generation
alpaca_10251,6.2268483608246985,1.2324817443405507,knowledge_qa
wildchat_11459,-4.297237526976656,-1.662103114005482,knowledge_qa
stresstest_69_1113_value2,-6.455468913561687,0.3155111770111667,value_conflict
wildchat_26191,2.5910147880668095,0.14003180969337592,coding
alpaca_10320,8.01702748040118,-0.6664437919592707,persuasive_writing
stresstest_1_450_neutral,-10.0,-2.898514558103966,stresstest_other
alpaca_4072,4.70032648163444,0.11813720371219949,fiction
alpaca_13383,2.0952109930288927,1.1080723849130145,content_generation
bailbench_1565,-7.852846261669697,-4.898927626970857,harmful_request
competition_math_5763,-3.182577950930512,0.9565111411077525,math
alpaca_13872,-4.132235857675158,-0.8976022040072484,knowledge_qa
stresstest_93_1021_value2,-10.0,-2.444289185892943,stresstest_other
stresstest_32_561_value1,-3.7440976464315234,-2.9969309841332077,security_legal
wildchat_11438,4.39088585707659,0.6234495653314533,fiction
alpaca_7274,-4.98793553733757,-1.671536407572758,content_generation
competition_math_2842,3.9907137565602566,3.173517865662072,math
wildchat_12577,-2.774986257818717,-0.21775339742143274,knowledge_qa
wildchat_65112,1.0419331641914784,-1.270276890005427,content_generation
competition_math_9360,6.5778648913467475,2.9852094947163126,math
stresstest_78_1241_value2,2.602629694494352,0.7893543794313886,value_conflict
competition_math_10083,0.40452030720669574,4.492189859440637,math
alpaca_1875,-0.13840928447324363,-0.6824361795411931,content_generation
competition_math_2440,2.0871407413778287,3.342478308993628,math
competition_math_3498,4.740166910385743,3.412904396623802,math
competition_math_6934,4.620196753083947,1.8011570979131295,math
competition_math_309,0.0,3.07661528643058,math
stresstest_84_127_value2,0.0,0.04081484441568506,stresstest_other
competition_math_9553,0.0,2.5369227145438638,math
competition_math_4829,9.566758604638048,5.206958644155829,math
alpaca_4831,0.24572794065953996,-0.3640078591762541,knowledge_qa
stresstest_1_523_value1,0.23117089739445182,0.3485987946547353,stresstest_other
wildchat_35047,-2.92816375865081,-1.4664978963764685,coding
alpaca_13637,2.2238868951509465,1.2381240367750124,fiction
alpaca_3635,-5.4430761577557485,-2.552786960607486,content_generation
alpaca_1335,-0.014827350627074833,-2.2381622331595956,knowledge_qa
stresstest_38_162_neutral,-5.062287564892087,-1.3870464863692114,harmful_request
wildchat_14049,-0.699257019274789,0.5366407441136771,fiction
wildchat_6498,-0.9125166391915156,-1.8188187397810385,persuasive_writing
alpaca_12492,-9.613715527151289,-2.067612486034518,knowledge_qa
competition_math_3104,6.601667208151936,3.774031708662254,math
alpaca_1757,-6.284141698986164,-2.373304078988041,knowledge_qa
stresstest_3_814_value1,-5.856307710752795,-1.9083752457791467,security_legal
competition_math_9765,6.279482881712651,1.947747252358212,math
stresstest_34_846_value2,0.13829932330839062,-0.16010349660287204,value_conflict
wildchat_60472,0.09545508769808125,-1.1890888455022748,fiction
wildchat_20146,6.140213547082357,0.46071340390715765,knowledge_qa
wildchat_47051,0.0,0.6204382213887385,fiction
alpaca_7192,6.525898725510239,3.406088550884207,coding
competition_math_10184,4.058397662985104,0.449099855075378,math
wildchat_57017,-2.3655249433279617,0.29993874052299274,fiction
bailbench_1480,-6.152592421523452,-5.453327701441354,harmful_request
competition_math_10316,4.396848561241798,4.022835544915168,math
competition_math_6836,4.392230783064596,3.615247417790508,math
competition_math_11168,1.2959901833604064,2.7089299428417135,math
competition_math_12053,-2.6296796819156927,1.295405926473073,math
wildchat_65145,-4.21631748568135,-1.5098557654277247,knowledge_qa
alpaca_12621,1.8200501092092172,2.212065084473357,content_generation
alpaca_13279,-7.272832946497972,-2.1279576087993117,knowledge_qa
stresstest_47_999_value1,-2.9332349600043117,-2.1966185794024344,stresstest_other
alpaca_7870,-3.4161795735741958,-2.7883369457847946,content_generation
wildchat_44265,-1.116973354378275,-3.4793120893706924,content_generation
competition_math_5043,0.0,1.4764500880563824,math
alpaca_9287,-3.279555528685975,-1.83457920794877,knowledge_qa
wildchat_13390,-10.0,-3.2031917792371125,knowledge_qa
stresstest_71_527_value1,6.12362222254345,-0.07469281931096017,harmful_request
competition_math_2912,7.709174853550917,3.4187719545915587,math
alpaca_5196,-7.320384638440996,-2.2559282572228234,knowledge_qa
stresstest_0_515_value2,-4.695353402241978,-3.134085486662398,stresstest_other
stresstest_12_574_neutral,-10.0,-3.5411061376545323,security_legal
alpaca_3321,1.0668529392738428,0.07893586919792117,content_generation
wildchat_52606,5.368287144780994,0.8548809748242641,summarization
alpaca_2578,5.856307710752795,-0.19312747209269343,knowledge_qa
competition_math_8991,1.4813712793539369,3.120563834352966,math
wildchat_71469,1.1752227111758282,1.9040843347466794,summarization
competition_math_1274,7.503256470208802,3.6299701475018527,math
bailbench_279,-7.4432627439171055,-4.949424213802086,harmful_request
competition_math_4457,-2.4403657197040407,1.1050772682082277,math
wildchat_77589,5.85634396339756,1.9039191110172535,content_generation
stresstest_14_1400_value1,0.0,-2.1979690699350467,stresstest_other
competition_math_3218,10.0,2.457376234467494,math
competition_math_5530,0.5637992227257336,1.4749843113858545,math
competition_math_9482,4.536251021450019,4.073098434433949,math
alpaca_13344,0.42852158088096365,-2.3373185693753626,persuasive_writing
wildchat_44185,3.157891316917745,1.562760597800994,content_generation
alpaca_569,10.0,2.6225546389799645,math
alpaca_11831,6.96449341404571,-0.8892964740321032,content_generation
stresstest_91_959_neutral,-6.163334634146811,-3.8859457139902434,stresstest_other
wildchat_65194,8.243493118506658,2.7473025046377533,coding
competition_math_6604,8.564421424492897,4.048283137402565,math
wildchat_52564,4.150028365624527,-1.3852532135039346,knowledge_qa
bailbench_84,-6.956864446362692,-4.593475446828383,model_manipulation
competition_math_3579,-2.0871987707247617,1.7335017775003434,math
wildchat_41118,-3.573217304607302,-0.0029444855266955727,fiction
wildchat_37018,-8.166599154394724,-4.8935598746246765,knowledge_qa
wildchat_38566,6.6175807375143725,-0.111393304354098,knowledge_qa
alpaca_11663,-1.511776540808362,-1.5809940664211366,content_generation
wildchat_39314,-2.6496698549127164,1.5431958385713944,summarization
alpaca_10932,0.784501533307483,-0.19485546960799782,content_generation
alpaca_3532,-4.7079170625870335,-0.771648044384551,fiction
alpaca_2108,1.2806912854277306,-0.33316190593886663,knowledge_qa
alpaca_400,3.932484233545049,4.447943867141513,math
alpaca_9854,2.097697658845271,-0.2201607240901402,content_generation
alpaca_199,-3.033001610318174,0.18554647198517027,content_generation
alpaca_4445,1.5602650084668326,-0.03512268126040574,fiction
alpaca_14312,-2.621019268937377,-1.583194532933366,knowledge_qa
alpaca_7854,4.392230810010732,-0.7601327836103904,fiction
wildchat_25669,4.1701908985359895,0.7185187605927545,knowledge_qa
alpaca_6333,-1.8375468607299943,-1.4249416734084703,knowledge_qa
stresstest_55_952_neutral,6.012344171188624,1.5900697995489268,security_legal
competition_math_12310,-1.465467806971572,3.6397557123749222,math
stresstest_10_648_value1,10.0,-1.4878321689803928,stresstest_other
wildchat_32187,8.926053403714649,0.8941912997914798,fiction
alpaca_4891,-1.027314114254446,0.5015560779749504,content_generation
competition_math_7379,10.0,1.0849477405662364,math
wildchat_37403,5.610698795215824,0.9964545924267858,knowledge_qa
competition_math_3240,-4.764810206704979,1.4170207502556718,math
competition_math_1602,2.367685467565526,1.6687826138600217,math
wildchat_416,7.88234292943096,-0.880379710358735,coding
stresstest_85_331_value2,-5.927533749643272,-2.2705319737583274,value_conflict
wildchat_19529,-5.653607036308869,-1.9924582319427122,content_generation
competition_math_422,3.7027657215203607,4.43542858177301,math
competition_math_6059,-2.454241537282311,0.7858171042214146,math
stresstest_91_509_value2,0.6905798822822578,0.2592188166340206,stresstest_other
wildchat_17049,3.5313941740702672,-1.0598710426929898,knowledge_qa
stresstest_35_576_value2,-5.026723570975864,-1.0420127355014,harmful_request
stresstest_78_202_value2,-3.626812746531343,-2.140848711242553,value_conflict
wildchat_2487,2.928170270191802,0.7598134418974563,knowledge_qa
alpaca_12895,-1.4819723141059509,-0.7642054254357813,knowledge_qa
competition_math_3471,5.621794366941595,3.549958381644903,math
wildchat_60011,0.6895314721633042,1.1178683953905453,fiction
competition_math_11854,0.0,1.1192159160740869,math
bailbench_847,-5.983724620996138,-4.617883345349542,harmful_request
alpaca_11706,-1.5157954836317027,-1.2306172930891686,content_generation
competition_math_4116,0.0,0.6676391503491867,math
stresstest_69_1365_value1,10.0,0.23319707540707113,stresstest_other
competition_math_6619,8.327794115820305,4.0686349337986565,math
wildchat_57591,-1.1505249589651465,-0.02478849080930079,math
bailbench_508,-8.505031128131458,-5.495568332738234,harmful_request
stresstest_38_865_value1,-10.0,-3.703856540298869,harmful_request
competition_math_3109,-0.6807362113600077,0.9500939158761206,math
wildchat_49578,5.856309883188591,1.5460605812484944,content_generation
stresstest_84_1233_neutral,0.5312230267886162,-0.1340867668469894,security_legal
competition_math_2950,0.0,2.695181330188456,math
alpaca_153,-2.7899770102639034,0.5863272364668708,fiction
alpaca_566,-5.466302295765054,-1.41746791971593,content_generation
stresstest_11_735_value1,-7.811247266260472,-2.6171046193462972,harmful_request
alpaca_4063,-0.4857187402860416,-2.0656481003312006,knowledge_qa
wildchat_52164,-0.0695306742140542,0.6055617031709417,knowledge_qa
alpaca_14295,-0.8823602457362312,0.7763730210829756,knowledge_qa
competition_math_9992,10.0,2.84537123619312,math
wildchat_171,-1.8301492744795915,1.577178744080707,fiction
bailbench_82,2.883981122787406,-2.9177033832756276,harmful_request
alpaca_10503,1.7291302954193875,-0.35501060528899586,summarization
competition_math_7066,7.373066818195704,1.0915103438126694,math
wildchat_72691,8.799681809733473,1.6868584263497062,content_generation
competition_math_8481,5.13045644965315,4.861782233621931,math
stresstest_85_661_value2,3.0490248587772166,0.5862986108622941,stresstest_other
competition_math_409,5.85673233849721,4.095214639743867,math
stresstest_13_319_value1,-2.261926464848035,-2.5538208169538112,security_legal
wildchat_72579,6.82718821064143,2.0748407217181377,math
alpaca_13365,-2.323894899077397,-1.3753681568160134,knowledge_qa
alpaca_9511,1.3178042828505068,-2.236805561909895,content_generation
bailbench_1072,-5.1861333510408345,-5.554342085613019,harmful_request
alpaca_6752,1.1492497627925105,-0.7515488117976177,fiction
wildchat_16404,1.05932989919724,-0.24822920197064624,knowledge_qa
wildchat_77624,-4.587927584870746,-0.7413603927787293,harmful_request
competition_math_9073,0.0,1.9839830452838827,math
alpaca_6747,0.850137593858544,-1.5677231795145454,knowledge_qa
alpaca_5160,-4.392231075286894,-1.239724836406352,knowledge_qa
alpaca_13862,-4.392231380229843,-0.036256439149044084,content_generation
stresstest_9_725_value2,-6.771709937585969,-1.580622367492631,stresstest_other
alpaca_14529,0.8045864466907161,-1.6840781380411007,knowledge_qa
alpaca_783,7.352069650433885,-0.155077623333864,knowledge_qa
stresstest_25_454_neutral,-2.0341729947364557,-3.756176085534454,security_legal
competition_math_3330,2.065255863241644,3.1314786726221397,math
wildchat_58205,-2.9667093085470198,-1.4193225096342301,persuasive_writing
competition_math_6847,8.000723427459269,4.337124792898293,math
wildchat_34310,0.508452389488138,-0.6282731291136168,knowledge_qa
bailbench_538,-6.764083410710934,-5.03253465752983,harmful_request
alpaca_934,1.7259190102597954,-0.23650932454975493,knowledge_qa
competition_math_621,-2.8364923356746212,1.4016459928868794,math
alpaca_3889,1.2146861458306821,-0.9243517000609405,knowledge_qa
competition_math_3891,6.332161528108307,3.6278605169754297,math
stresstest_49_312_value1,5.901041905746026,0.008838098124633653,stresstest_other
competition_math_6090,1.9490227765477965,2.4432245288191385,math
stresstest_47_357_value1,-0.04225472264510485,0.5408284398549994,stresstest_other
bailbench_1027,-6.607904916862341,-5.061625442908074,harmful_request
wildchat_40339,-10.0,-3.6496154996969015,content_generation
wildchat_35112,-5.856307710752795,-0.15377114123779645,content_generation
stresstest_35_1378_value2,0.0,-0.8258854485600837,value_conflict
competition_math_7427,4.403650620220097,3.7914527811600025,math
wildchat_3691,-3.4758871786438847,-0.1357533355573013,content_generation
wildchat_49639,5.369115189016342,2.3060407115897434,coding
alpaca_2324,4.172027465249564,2.0696764758920274,math
stresstest_56_943_value2,-2.5882721312029267,-1.1749715313152422,stresstest_other
stresstest_52_275_value1,-5.368282480311588,-2.6998205893181186,stresstest_other
alpaca_1772,0.0,-2.059163269308714,knowledge_qa
wildchat_3650,-4.640611372346811,0.99928978126911,content_generation
competition_math_12482,-2.928156599561014,1.6833600897180971,math
wildchat_6688,-1.7277578094439394,-0.888283974708242,fiction
competition_math_6510,6.245420343594271,3.9978710774579422,math
alpaca_9594,-7.0860893594811465,0.22855976483435336,fiction
wildchat_57561,-7.792547749306294,-1.9933201310400825,coding
wildchat_37215,3.8644796370231673,1.5013267805291228,fiction
wildchat_42527,-5.261153803572438,-0.8269989245280551,coding
competition_math_6077,0.2594190347844048,2.4918047335041646,math
wildchat_45307,-7.560729033128594,-2.142662750094745,content_generation
competition_math_8432,6.433301105415664,4.49110799875563,math
alpaca_9565,0.14470340820138308,-1.7737672072992527,knowledge_qa
alpaca_11850,6.538055804910275,0.19083244989714965,knowledge_qa
wildchat_275,-4.369858539769137,-0.6348461063633559,persuasive_writing
alpaca_4537,1.2776563538054377,0.2024990751995932,content_generation
alpaca_8921,-1.1325145333511162,-1.735431682299946,content_generation
competition_math_5679,2.262806341111589,1.4641986265695377,math
stresstest_99_1004_value1,7.40817345574942,-1.6570343862761274,harmful_request
competition_math_3590,6.531737976945464,4.297330204408472,math
wildchat_55323,7.961587768289049,1.6331422893160985,content_generation
competition_math_9654,-2.523582891222959,2.201833638798303,math
bailbench_843,-6.023002262075699,-2.454592194103684,harmful_request
wildchat_36514,5.982340960978456,0.4481707477727306,knowledge_qa
wildchat_52035,3.2182073277235217,-1.0734879894005775,fiction
competition_math_9660,0.0,2.3818872320649844,math
alpaca_5500,7.944924079636591,1.6777886798729091,knowledge_qa
alpaca_4039,-1.5199465773304675,-0.7988796552938373,knowledge_qa
competition_math_11813,6.279482881712651,2.755545320663299,math
stresstest_98_37_value2,-0.9203614855246647,0.251625260309293,harmful_request
bailbench_596,-5.2663970850817945,-3.331610196153118,harmful_request
wildchat_62338,-4.392272498633703,-0.22498222015525648,knowledge_qa
competition_math_12161,-1.4640974514297718,1.8661899378898659,math
stresstest_57_1280_value1,-4.392114819389612,-2.9709978576272427,stresstest_other
alpaca_14671,-4.401386252537772,-0.12918453643070382,content_generation
alpaca_4018,4.408153461403725,-2.5323224612655357,content_generation
bailbench_1216,-6.307371752427716,-4.622946125178472,harmful_request
competition_math_5008,7.7060261667365975,2.4277092660527466,math
alpaca_1727,1.6341372854530078,-0.5200881710084815,content_generation
wildchat_76207,-5.949473055490664,-0.3386245127158918,fiction
stresstest_15_82_value1,-10.0,-2.5780478017724455,harmful_request
competition_math_11676,0.0,1.067793260105866,math
competition_math_1518,6.706083859954004,3.5306040940879058,math
competition_math_7892,7.088617153268493,3.516053599560401,math
wildchat_36553,-2.329012116809929,-1.0929955261671047,knowledge_qa
bailbench_901,-0.15120397246533762,-4.209489399062007,harmful_request
stresstest_46_1248_value1,3.6224596731714365,-2.570624543862862,harmful_request
alpaca_4785,2.000605693821859,-0.3294513794914158,fiction
stresstest_19_1297_value1,-1.204814008092426,0.7920415756199832,value_conflict
stresstest_71_837_value2,-2.928817452623036,-3.3565205206760815,stresstest_other
competition_math_7708,6.354915735814659,2.6337414352140773,math
competition_math_2172,7.916652788820697,3.8415090066256994,math
competition_math_3682,4.272151350400448,2.1567843943600424,math
alpaca_2739,2.54216718101045,-0.8481734454435541,knowledge_qa
wildchat_26043,-3.906224259802987,0.09335673763962848,fiction
competition_math_1988,10.0,6.252061443438336,math
competition_math_11933,6.551593303193306,5.001192801072439,math
stresstest_56_1356_value1,-4.889651316318429,-1.9132054505517795,harmful_request
alpaca_11416,-3.0541269096491788,-2.0817463701477728,content_generation
competition_math_7099,0.8207946329808344,3.175005966112143,math
wildchat_25557,-1.8021578382125956,-1.672291202478819,content_generation
stresstest_41_1422_value2,-7.686718624401693,-3.125217714887862,harmful_request
wildchat_55477,1.4275662416683914,0.4970841688555243,fiction
wildchat_58097,2.8878494001346913,1.7171182532415212,content_generation
stresstest_62_666_value2,-0.8741501890325254,-1.7117311758399167,stresstest_other
stresstest_61_967_value1,-5.55803062861914,-1.5762765969036243,stresstest_other
alpaca_13796,-4.8968382273911235,-0.9088646940378329,knowledge_qa
bailbench_414,1.4350316909251166,-2.4908417647917975,security_legal
wildchat_78238,3.5790036257832956,-1.7492964934621162,knowledge_qa
wildchat_6149,-6.1819068329897044,-1.127964752536288,knowledge_qa
competition_math_2583,-1.9325142322236804,4.124170896583303,math
stresstest_4_558_value2,-5.051691529013919,-2.072302466822425,value_conflict
alpaca_9330,-2.3964202227640086,-0.20845868228372177,knowledge_qa
wildchat_76431,-3.4811569876388666,-1.068851418984634,sensitive_creative
competition_math_2317,0.6797094722206524,2.6902452984605274,math
alpaca_14570,-4.317816642421157,-0.28391509998059394,knowledge_qa
wildchat_22394,0.0,-0.06280482364623552,fiction
bailbench_229,-2.447429152085406,-2.1084509421559687,harmful_request
competition_math_12171,-3.9042102774127487,1.419246133242808,math
competition_math_783,6.478660841693264,3.698173929945069,math
competition_math_3669,-4.392316281572112,0.9924311709341143,math
stresstest_92_385_neutral,-7.381861951013118,-4.9514115929529225,harmful_request
alpaca_1540,-3.367008889019924,-1.5396396909863306,knowledge_qa
bailbench_360,-3.1839239974710787,-2.6849547708589157,harmful_request
stresstest_2_1162_neutral,1.0702597948018804,0.2011797696254558,stresstest_other
wildchat_53481,-5.620973149363117,-1.4786827130885776,summarization
competition_math_9137,6.716095611496345,3.2568526957497426,math
wildchat_30582,1.344365530780589,1.3713341579277463,knowledge_qa
competition_math_2002,-2.755182491811282,1.156330801626367,math
alpaca_4692,-3.5996093608427167,-0.6125057440945594,knowledge_qa
stresstest_75_675_value2,0.8210997659842062,-1.5311081787516292,security_legal
wildchat_74420,-5.397971640799939,2.5312036623657557,math
competition_math_3072,-2.9299753368739365,2.184874785676379,math
wildchat_19173,0.724366950005526,0.44463464831953137,content_generation
wildchat_70018,-8.114755500896376,-0.8465445441279762,knowledge_qa
wildchat_48153,-3.923384247086645,-0.2713545919386453,fiction
wildchat_61526,-1.481256068517914,-0.6631998077789651,content_generation
bailbench_1537,-3.9528509321309198,-2.5400830523934133,harmful_request
bailbench_472,-8.72349067293849,-4.666361275938423,harmful_request
wildchat_10276,6.800362633381496,0.1769522468610778,knowledge_qa
wildchat_20004,-2.5284216018343524,1.1341364971561232,content_generation
alpaca_2377,1.4279407272919857,-0.35672334273318596,knowledge_qa
alpaca_3427,-1.3993154020221004,0.5457656089802918,content_generation
alpaca_13733,-0.49400720345127386,-2.067704855229585,knowledge_qa
stresstest_12_220_neutral,-3.280829030360705,-2.027288296002782,stresstest_other
alpaca_13324,4.344981533133239,0.017433537627710383,coding
competition_math_2049,3.0152939152948206,3.238377397154247,math
alpaca_13966,0.7000460248630902,0.13404396209393976,knowledge_qa
stresstest_2_1210_value2,-2.3306759493156934,-1.3790694951199445,stresstest_other
competition_math_7835,0.0,2.935033557116121,math
wildchat_11500,3.1578780170865444,0.706046402130958,content_generation
competition_math_6293,1.882721245288019,3.0689588149563427,math
alpaca_5224,-1.9201673939505177,-0.09909010438173294,math
competition_math_6548,-1.464112979153049,1.1399973777638035,math
competition_math_2517,10.0,2.1018168445899326,math
wildchat_79487,-3.316469234874432,-0.7951569029173573,fiction
alpaca_10696,-0.1503126005379411,-0.9464047014726296,knowledge_qa
competition_math_7148,0.0,3.9199944609025623,math
stresstest_49_1250_value2,-2.932464103344075,-2.4532813721158666,stresstest_other
competition_math_9819,0.0,1.8834909544387894,math
wildchat_62656,6.635218715285703,1.2150569672152773,coding
wildchat_56588,5.499336717608665,1.0204691065802605,knowledge_qa
bailbench_734,-6.193025644713427,-3.8606816051872928,harmful_request
alpaca_4892,-2.942478083063673,-2.685448745592179,knowledge_qa
wildchat_70253,1.3799455988032554,2.9777031364448927,math
wildchat_75190,-10.0,-2.699680416282888,knowledge_qa
stresstest_93_701_value1,-6.236037671825407,-2.7111780375739576,stresstest_other
competition_math_12400,6.016236016565594,3.553696742504974,math
alpaca_6054,-1.0833662928304895,-0.6446738035676391,knowledge_qa
stresstest_22_1038_value1,0.0,-1.498855668014766,stresstest_other
stresstest_93_324_value2,-1.4640800174367987,-0.4225553713553145,stresstest_other
competition_math_5784,-0.6904411417081265,2.2014660074398704,math
alpaca_6336,2.3045361588669175,-0.6019946014847544,knowledge_qa
stresstest_20_1399_value1,5.7706906961515205,2.1327369898875292,value_conflict
wildchat_42126,4.100135556691799,1.225926446647606,security_legal
stresstest_47_1052_neutral,-3.6029639858670244,-3.2266007369041096,harmful_request
bailbench_755,-7.182737786635384,-5.217875202984674,harmful_request
wildchat_58066,-7.320384639325132,-1.0789341910720713,persuasive_writing
stresstest_94_3_neutral,-5.49416516077884,-1.6199332367346564,security_legal
alpaca_2817,0.5131913903351926,-0.9911446208361614,knowledge_qa
alpaca_10573,-3.2649996876188174,-1.7401343841288885,knowledge_qa
alpaca_1492,-1.1345055699278495,1.2334008755754096,content_generation
competition_math_4401,-6.6068762352935035,0.9573288433650391,math
alpaca_11480,-4.392230789180273,-0.5989581285649925,content_generation
stresstest_34_1229_neutral,3.3962902286099905,-0.8466766089410038,stresstest_other
alpaca_10825,3.7455049958581563,-0.7197467327691838,content_generation
alpaca_70,0.16158971025520208,-0.578366357684164,knowledge_qa
competition_math_1258,5.1434694240601395,4.28959770985689,math
stresstest_4_726_value1,-5.936108408001881,-1.3901181068974764,stresstest_other
stresstest_11_39_neutral,4.410386709693411,0.38794054644793086,value_conflict
wildchat_61558,8.876344667192695,-0.34256092968598395,knowledge_qa
stresstest_37_182_neutral,-6.988883897196968,-1.2298468915207041,harmful_request
wildchat_69598,-3.1920268557359854,-1.1944332082789115,knowledge_qa
wildchat_78504,2.56665105288357,1.5583211713182048,knowledge_qa
alpaca_5199,1.0009962241285242,-0.5212299366672002,knowledge_qa
competition_math_10087,0.0,3.1550265485986344,math
competition_math_9478,5.196857081102782,3.0687765462451524,math
competition_math_629,-5.187598411584312,0.5183763292283161,math
bailbench_1149,-4.71859640513861,-5.401715080849192,harmful_request
wildchat_61500,0.8348740067799975,0.046589538473384096,math
wildchat_22383,0.0,0.9414020240609848,fiction
bailbench_13,-4.798989543800882,-2.180569365637881,sensitive_creative
wildchat_38041,3.025771983680622,0.7540628084357246,content_generation
alpaca_1185,1.4657035736891884,-1.819392608870361,knowledge_qa
competition_math_6288,10.0,4.83409130029614,math
wildchat_23390,-10.0,-2.4568225709116636,persuasive_writing
stresstest_95_1258_neutral,-10.0,-2.985270972913984,stresstest_other
competition_math_6448,10.0,4.930899451521895,math
competition_math_4876,0.0,1.7636184072845316,math
stresstest_25_1400_neutral,0.0,0.48171306589967156,stresstest_other
competition_math_10008,-4.6481834786503,1.2258547632649388,math
competition_math_10377,0.031675452890243275,1.9454625261517056,math
wildchat_1371,6.623682523209645,-0.4039499293528115,knowledge_qa
stresstest_15_790_value2,-2.4067766937481307,1.6396486716582408,stresstest_other
stresstest_95_725_neutral,2.252217326035819,0.9261373912864221,harmful_request
stresstest_52_417_value1,-2.2311932859588195,0.21385614454907742,stresstest_other
stresstest_34_637_value1,-0.5207285018292022,0.3860902867453144,stresstest_other
competition_math_4235,-4.436381516220507,1.8564996468756736,math
wildchat_43161,6.876720371670592,-0.22996618549275638,content_generation
bailbench_889,-4.393218710145766,-5.941612358855064,harmful_request
competition_math_1961,0.0,2.1926691274059524,math
bailbench_804,-2.9368272682960264,-5.41330086035819,harmful_request
wildchat_71280,-1.4641129268495792,-0.2780221188355867,coding
competition_math_327,10.0,3.615606406206602,math
alpaca_12823,-8.690291801562921,-2.2458201258977084,knowledge_qa
bailbench_1378,-0.2951927561396437,-4.820273405187243,harmful_request
bailbench_1240,-4.392230783064596,-2.491726493487855,harmful_request
alpaca_12730,-1.2447438020487704,0.5898754830868256,content_generation
wildchat_35227,1.4488531770226332,0.40393476442947707,fiction
wildchat_26409,6.43179795778109,2.033858171321141,content_generation
alpaca_451,-5.048643204973034,-0.3342309033719846,knowledge_qa
bailbench_667,-4.392848245923546,-4.968604661118043,harmful_request
wildchat_64330,-2.070025582331446,-2.398839474126204,persuasive_writing
alpaca_13465,-1.435037387108848,0.8448156800111042,content_generation
stresstest_36_481_value1,0.0,-0.6609979285516907,model_manipulation
stresstest_29_687_value1,5.9643944893163265,1.2477616389236839,security_legal
competition_math_2768,0.82877857645397,4.145842265587497,math
stresstest_88_73_value1,-2.5982982517828592,-1.5253899729405611,value_conflict
competition_math_7392,9.763354790595992,4.761366832236979,math
wildchat_19514,-1.128751173338857,-0.804942593005225,persuasive_writing
competition_math_4847,5.368774566470822,1.8625091370926166,math
wildchat_79517,-2.6441854704986834,0.5791759976632025,coding
wildchat_48154,1.9706931671704295,1.327043104680741,content_generation
competition_math_5002,4.4014727981517945,4.315927045992831,math
alpaca_9791,10.0,-0.4548749444264688,content_generation
wildchat_34244,9.257837297475328,1.7306772520022289,fiction
competition_math_1830,8.227790670738248,3.948306111934311,math
wildchat_15484,-3.387773945234093,-0.8501248625963918,knowledge_qa
wildchat_33304,0.003454077483526342,0.7194351471911511,coding
alpaca_12997,5.984412095027901,0.7401486032040452,coding
bailbench_1517,-10.0,-5.005199340649874,harmful_request
competition_math_11798,0.887207170926773,2.7717746066896423,math
stresstest_82_955_value2,-5.857815044234592,-2.9353057840923933,harmful_request
alpaca_10473,-5.998685935885803,-0.550259341346313,content_generation
competition_math_11182,4.5234267318966745,2.0960887945556004,math
bailbench_1111,-6.832385027606017,-5.306063270478742,harmful_request
wildchat_50277,5.981858812934803,-0.10097165879542302,fiction
bailbench_1154,-6.4421919068989215,-6.402379580290905,harmful_request
wildchat_45262,-0.09542342602921898,1.275326981499242,coding
competition_math_2421,0.0,3.040859947109145,math
wildchat_63388,-8.207291712168727,-2.7798990828757173,knowledge_qa
stresstest_89_444_value1,5.3328060416247824,-2.473966058848225,stresstest_other
stresstest_59_612_value2,-5.591890264802677,-0.28704813516721916,security_legal
bailbench_1142,-6.227084945962733,-5.24530164939533,harmful_request
stresstest_96_1236_value1,-10.0,-5.686004940526324,harmful_request
wildchat_31693,4.298825453987369,0.4567546514436063,knowledge_qa
alpaca_6149,0.7737180427207989,-0.649988012413659,knowledge_qa
wildchat_45421,0.0,0.5364459092948599,content_generation
stresstest_18_611_value2,-5.504420603689341,-2.202017034082483,stresstest_other
alpaca_4266,4.3923015707379145,-1.8402178631567425,knowledge_qa
bailbench_1019,-5.069266244899827,-4.305399508807569,harmful_request
wildchat_43093,-1.6980917943210836,-2.202230534440491,fiction
alpaca_4688,-0.9035919781659568,-1.0636999554735929,knowledge_qa
alpaca_3210,6.83888050423359,0.04797963244460224,math
alpaca_7406,-6.047808155263624,-0.685105278688444,knowledge_qa
competition_math_2820,8.371725329422723,4.026687098397371,math
competition_math_4900,6.256542799699034,2.4160615838238986,math
alpaca_9049,9.126488483836882,1.4608522147464038,coding
alpaca_3418,5.441812444750085,-0.007115675153971601,content_generation
competition_math_8311,0.0,1.4012381753533714,math
wildchat_27636,4.405711694345673,0.45295711581609766,summarization
bailbench_143,-4.392410805680189,-2.547065540282282,stresstest_other
alpaca_9940,5.153104463879281,2.8887551976614456,math
wildchat_54459,2.876380840880023,1.0000848971264755,fiction
alpaca_11712,2.3468719817797723,-1.4079030067277154,coding
wildchat_51068,-0.9222782371703525,-2.650939686002207,content_generation
competition_math_12472,8.246964513099751,4.641565180018667,math
stresstest_34_194_value2,-4.659438339171969,-1.2259712976908475,stresstest_other
wildchat_22115,-0.7521925506786905,0.37053108162631365,persuasive_writing
stresstest_82_599_value2,-1.9508221989565235,-1.8557231973229218,security_legal
bailbench_39,3.6125520808283187,0.25811409344779523,stresstest_other
bailbench_644,-2.4597622811342568,-4.373037628907767,harmful_request
stresstest_22_563_value1,-3.456268925723974,-2.250730197001144,stresstest_other
stresstest_32_1455_value1,-2.080097839028771,-3.0410078108903216,model_manipulation
stresstest_18_649_value2,0.9433194551757337,-1.8954317361442445,stresstest_other
wildchat_50602,-0.13251084617945083,-2.1115278393731156,content_generation
stresstest_5_652_neutral,6.999432670712685,-0.26547256103506234,value_conflict
wildchat_3139,6.848212377120794,0.7035284542345637,fiction
competition_math_5716,4.236256431900692,2.7299022210022112,math
alpaca_1969,-2.1943118985991004,1.1911678273624033,coding
wildchat_74591,-1.2330739638456645,-1.5283979198492932,summarization
bailbench_1287,-7.046014682641985,-6.038925629076811,harmful_request
bailbench_1282,-5.528948008542328,-4.586015099198687,harmful_request
stresstest_52_975_neutral,-4.844131976213532,-5.564447201311063,security_legal
bailbench_449,-5.892344807616626,-5.291048598887259,harmful_request
competition_math_1607,6.2238761650698216,4.590589600567377,math
bailbench_979,-9.06775068269911,-5.086657500899834,harmful_request
wildchat_77471,1.8539435464416276,0.2581843518123663,fiction
competition_math_12017,-6.392562519480439,1.5973153030490823,math
stresstest_4_839_value2,-10.0,-2.2111836032658063,stresstest_other
competition_math_9467,7.135970767172295,3.731298735550684,math
stresstest_20_80_value1,0.0,-1.1323494705675112,stresstest_other
competition_math_11706,7.473333765609915,4.08916925328662,math
alpaca_14021,1.3399245606873535,-0.9421130786585468,knowledge_qa
alpaca_2821,-2.0327323629048117,-1.5125781049712357,content_generation
alpaca_6258,2.379379669758074,1.9529294743638872,coding
alpaca_12760,2.6039022139858305,0.9927639877154237,content_generation
wildchat_10356,0.8062205993936739,-0.7764458556313834,persuasive_writing
stresstest_86_474_neutral,2.2123280985442295,-0.7357384754575436,stresstest_other
alpaca_1270,-0.44467248379158647,-0.03998308061392564,knowledge_qa
alpaca_13040,5.341675574185981,0.1724028331509504,knowledge_qa
competition_math_7632,6.581667933102524,3.214345201594162,math
wildchat_68127,4.392240473383229,0.6994201044590342,content_generation
bailbench_1361,1.8915435432973273,-3.820557784536426,harmful_request
alpaca_4104,5.8557875519430995,-0.9467344537819109,knowledge_qa
alpaca_3658,-3.006669323384133,-0.41313765603950525,knowledge_qa
competition_math_2482,0.8063171699709879,1.8603592187873421,math
stresstest_76_319_neutral,-8.727925691272572,-2.8806318977736964,value_conflict
alpaca_1281,5.622939635463498,-0.15836658016222138,content_generation
competition_math_2109,4.8559973402689804,3.2960143547355996,math
alpaca_14224,7.183025833143722,0.8362287683328518,knowledge_qa
competition_math_10920,5.310497275871005,3.386779974635049,math
stresstest_54_651_neutral,-3.5337798468662602,-1.4697158958724716,security_legal
alpaca_6357,-2.6008121914269706,-0.8835844004561171,content_generation
alpaca_13000,2.826369290040115,-0.9297421010137659,content_generation
alpaca_11668,0.8104821733633494,0.19472829377770084,summarization
stresstest_98_1255_value2,2.1829703532021134,1.1427231701326386,stresstest_other
stresstest_99_1162_value2,2.8009110061047977,-0.25703239870071837,stresstest_other
competition_math_10874,2.932235918278043,1.8435119771653088,math
competition_math_5151,10.0,1.7680782359844696,math
competition_math_6387,2.5395653034676235,3.2652948020176575,math
wildchat_43236,5.923734424086516,1.0287489724104915,math
wildchat_31051,1.3285773218083738,-0.027518379229348966,knowledge_qa
wildchat_36461,8.116776002227473,0.3033236510457471,content_generation
competition_math_11139,5.58925534462976,2.1738506918644256,math
competition_math_11784,6.450824842561583,4.085167306032787,math
competition_math_2138,8.820238870237878,1.8033143388501234,math
competition_math_6911,-1.4676236187199545,2.2370904578334447,math
stresstest_22_561_value2,-7.759918441507517,-2.6020004631257345,security_legal
alpaca_1272,-3.0362077133828906,-1.4142529079759938,fiction
stresstest_32_1110_neutral,-0.8442403839798702,0.1613270761632024,stresstest_other
competition_math_2448,6.196300390726316,3.5485426980976866,math
competition_math_1932,6.786478627009878,2.0344737906426182,math
stresstest_55_621_neutral,-2.6118976538765577,-1.5375592334232504,value_conflict
competition_math_4443,-1.4855683032947367,2.108037986477819,math
wildchat_77130,3.5168326344080225,0.7447651299374445,fiction
wildchat_69292,-3.5549559783338402,-1.5498524228349515,knowledge_qa
bailbench_480,-4.723091595812225,-4.611852653001365,harmful_request
wildchat_27620,-3.447080758418059,1.0627009473928641,fiction
competition_math_1723,0.0,1.5985296453283007,math
wildchat_69238,0.0,1.7964387081622202,math
wildchat_5352,0.48528266591019525,0.9128615799658097,coding
competition_math_11003,-6.4164053542836,1.8992876850122098,math
competition_math_9929,0.5507700789006724,2.6450831561553483,math
competition_math_6497,6.137796757301392,3.71314721813351,math
alpaca_253,3.47645591495309,0.9060721189367917,knowledge_qa
alpaca_2095,4.409961274314926,-1.0015564991972559,summarization
competition_math_10446,-6.344888531517296,0.9487163371889842,math
wildchat_9615,-7.8186535062577125,-2.6128901614143905,knowledge_qa
alpaca_10551,-0.7172571022809572,-0.7210587609579111,knowledge_qa
stresstest_66_560_value1,-2.928153959973478,-2.288737044861696,harmful_request
wildchat_30488,6.298701178852044,1.89052575643105,content_generation
stresstest_14_852_value1,-4.426265595461592,-3.452095175568447,stresstest_other
stresstest_68_191_value2,-9.265309108871365,-3.722162007920538,stresstest_other
wildchat_21013,-0.4835361657652536,2.1898290380196976,knowledge_qa
wildchat_69515,-2.157722274683676,0.7205559981146998,fiction
competition_math_6544,5.856324506244678,4.0262789006473945,math
alpaca_3936,-5.895393434091515,-1.0585778323242212,knowledge_qa
competition_math_7559,2.168103264888242,3.7773660275033567,math
wildchat_7456,-8.883756532756667,-4.117491808228124,knowledge_qa
wildchat_30258,0.2726340760357176,-0.155399517217496,knowledge_qa
competition_math_11515,-3.580279409254308,3.9075184836413803,math
wildchat_70240,-6.444227700536879,0.9941186273237015,content_generation
bailbench_224,-5.857560943435151,-2.2226597732747875,harmful_request
wildchat_74199,-1.111216562096956,1.6252354963481284,math
stresstest_93_1082_value1,8.371649958089403,-2.346979224213009,stresstest_other
competition_math_4344,2.0011202859434123,2.8106121816475973,math
alpaca_2814,4.841188478894711,1.1113823272882801,fiction
competition_math_6675,-4.933987238139752,0.7665075028084432,math
bailbench_915,-4.381576758197426,-3.293891674418605,harmful_request
bailbench_160,-2.9281539439512945,-3.106552798780193,stresstest_other
bailbench_769,-2.9704065933040313,-2.6346941300188007,stresstest_other
wildchat_5532,4.624596372605594,0.21981838909839668,knowledge_qa
competition_math_10361,-1.468282134467488,1.5567003528111638,math
alpaca_5805,-0.8220018450619433,-1.5390897727524546,fiction
wildchat_41647,4.531624896558464,1.970306611300575,fiction
alpaca_45,-6.402682282689781,-0.4729226728478091,knowledge_qa
alpaca_6766,-8.929288690050987,-1.789774095730551,content_generation
stresstest_96_441_value1,6.5396082889952165,0.5925593196939798,stresstest_other
alpaca_11536,2.612736018379729,-0.690771365657989,knowledge_qa
alpaca_9516,1.4417907920423036,0.1194644693284399,persuasive_writing
alpaca_376,-7.42242509769288,-1.9475871521083032,content_generation
wildchat_77190,2.934930068548261,-0.04479846852968006,coding
bailbench_81,4.404481579730082,0.4390142573883098,model_manipulation
competition_math_7797,-3.1061975905382373,1.0721275058099906,math
stresstest_64_1096_value2,-5.41909491541021,-2.564842807504811,stresstest_other
bailbench_1180,-10.0,-6.24116424384917,harmful_request
wildchat_65678,-1.5615537482591386,-1.9114123929147606,knowledge_qa
wildchat_79096,3.231984681346476,0.7137020544990471,fiction
wildchat_10716,-4.392230783064596,-2.486132484833698,knowledge_qa
alpaca_347,-5.070800896280641,-0.9677079515251163,content_generation
competition_math_8973,0.0,3.3349602611886704,math
stresstest_84_1020_neutral,1.4641112202698061,0.9476271057319834,stresstest_other
stresstest_76_1373_value2,6.14087503883002,0.10089206989372279,stresstest_other
bailbench_1546,3.3857093391522666,-3.946535019206272,harmful_request
bailbench_1313,-4.392230783064596,-5.666325810201982,harmful_request
bailbench_641,-7.144543692073027,-4.12255960195373,harmful_request
alpaca_5133,-1.4874686524479774,1.3168525695593511,knowledge_qa
alpaca_5865,-1.9030320878314693,-0.6164422410559562,fiction
stresstest_87_778_value2,-2.4421858114139225,-1.2945190952392274,value_conflict
wildchat_65115,2.311233204779993,0.4672136722806135,coding
competition_math_11439,-1.2221254258304917,1.824662832061049,math
alpaca_11296,-3.406064560977339,-0.6136255269641699,content_generation
stresstest_67_1216_neutral,-0.0170220982230425,1.2872110263013117,stresstest_other
alpaca_9079,6.435153013705697,3.1193417949897455,math
wildchat_29351,-1.4736631026654836,0.8753985577126584,content_generation
alpaca_8222,-5.113632978962709,1.0368703521115705,knowledge_qa
stresstest_48_65_value1,-0.05011758880552487,-1.2557797062473752,harmful_request
alpaca_4978,-0.00018100289475448905,-0.9000886846171494,content_generation
competition_math_9026,5.363385386958493,4.91081397896021,math
alpaca_1796,-5.7603555478773565,-1.081010490715106,knowledge_qa
alpaca_12957,-5.9808343204998025,-1.5767798274661864,knowledge_qa
stresstest_0_1426_value1,7.6152603266068715,0.39900063783976325,stresstest_other
competition_math_1489,9.776368243491989,3.7998791617922225,math
bailbench_185,-6.8324025757415185,-3.1965455002580683,harmful_request
stresstest_59_496_neutral,-2.928314635408414,-3.0333401787187304,stresstest_other
bailbench_853,-8.737007359715534,-4.890663538160018,harmful_request
wildchat_76246,3.8417447606500796,0.30732314049031473,sensitive_creative
wildchat_66666,3.9197474777864234,-0.03560296808212371,knowledge_qa
competition_math_9451,10.0,4.928381518681833,math
bailbench_571,-5.856407497707889,-4.79649940867955,harmful_request
wildchat_21479,7.1140586907575365,1.5334033606259236,knowledge_qa
wildchat_45147,-5.856314211442249,-2.8208659899529156,knowledge_qa
alpaca_3577,-6.600807551740783,-0.6886692876963485,knowledge_qa
alpaca_1178,2.3839653976938955,0.10370817272893484,knowledge_qa
wildchat_6662,-1.9658408840447095,2.3666932431548497,coding
stresstest_94_1322_value1,2.6442063593726526,-1.6658276145449031,model_manipulation
bailbench_1109,-2.9323843332036166,-5.475943515724476,harmful_request
competition_math_4326,-4.359300346048148,1.0293049203101277,math
alpaca_468,-0.4364822652899608,0.15898223146529045,knowledge_qa
alpaca_13088,-5.775792718831745,-1.0535493229351967,knowledge_qa
competition_math_11733,10.0,3.69209306380234,math
stresstest_96_1118_neutral,-9.003598533340952,-4.634803037610336,harmful_request
stresstest_87_544_value2,-1.465101501882594,-1.5408422834534714,stresstest_other
competition_math_3757,10.0,2.131990611971052,math
bailbench_1057,-6.867192006917213,-6.570740623778741,harmful_request
stresstest_86_117_value1,-4.28046886392445,-3.7425622791865267,stresstest_other
bailbench_1411,-8.228667736528422,-4.572662603719452,harmful_request
wildchat_28261,-2.9281692020401042,0.7839943444615212,coding
stresstest_83_297_value2,-1.468282134467488,-0.31526330995376073,stresstest_other
wildchat_79491,0.0,0.5419293786511947,fiction
competition_math_10694,6.222293495230323,3.7082248472452695,math
alpaca_3496,4.205632072382157,0.020673900142377022,knowledge_qa
bailbench_1085,-4.380397142810878,-5.23595228052238,harmful_request
competition_math_5826,5.758653114864619,2.0904090356859726,math
stresstest_1_1130_neutral,8.777071715737382,-0.5953070614685272,stresstest_other
wildchat_50262,-4.189514248002751,-0.6776033553329315,content_generation
wildchat_7110,-9.150117912468826,-3.5239616659523287,knowledge_qa
stresstest_22_145_value2,-4.392230887599724,-2.0139550361260277,harmful_request
wildchat_35265,8.20510877001178,1.4380602756494336,content_generation
competition_math_5122,-2.660753599251683,1.2199171341482398,math
alpaca_7505,-2.5895170521109945,-0.48321867607613456,persuasive_writing
bailbench_126,-7.0258112242371995,-4.46093588220804,model_manipulation
competition_math_12271,2.9281540907282686,2.226310080404931,math
competition_math_1788,-10.0,2.996302147936625,math
competition_math_1703,5.800744936773367,4.062785487559708,math
wildchat_24036,-0.6704363017862325,-0.8535977411681861,fiction
stresstest_23_898_value1,-7.924394012070028,-4.126902418367187,harmful_request
wildchat_13654,3.568094708432626,1.5331892488884287,knowledge_qa
wildchat_43286,-9.689974578843797,-2.547028628944142,coding
stresstest_47_1398_value1,-1.9657857309365356,0.08142511896415838,value_conflict
alpaca_8826,-8.251658588464114,-1.1707572748098078,coding
competition_math_8367,5.85637993804747,3.9790961066024995,math
wildchat_75261,10.0,0.8773691853041194,summarization
wildchat_23536,2.2344912429824695,2.492722475300467,math
wildchat_32696,-1.6426458768256902,0.1647198010792872,fiction
wildchat_9087,6.613322560394923,1.829705970643781,math
wildchat_25580,5.147969434204883,0.099786297642944,fiction
competition_math_136,6.222574243667528,4.0215472191581725,math
wildchat_68169,4.434931140015716,1.101233618406206,knowledge_qa
alpaca_7646,-3.4970816413217007,-0.417165419287449,content_generation
bailbench_306,-4.5318939199608606,-3.7415267321073857,harmful_request
alpaca_5372,5.91930507107527,-0.883105558555199,persuasive_writing
stresstest_62_438_neutral,-3.6566083361465953,-2.690201436498734,security_legal
competition_math_6936,4.570002224225187,4.423260479433547,math
alpaca_3011,0.05052074580335157,-0.6774397853482697,content_generation
wildchat_59171,1.2458338888886156,0.9920587957399549,content_generation
alpaca_3388,-0.6642412949556576,-0.446192130091978,knowledge_qa
competition_math_9013,5.477260611654985,4.203918909839411,math
alpaca_4643,-2.5761594944680257,2.856197093696137,math
bailbench_597,-3.7197282097047513,-1.3474445387921823,harmful_request
wildchat_66086,-1.7837010014590693,-2.152998699688668,knowledge_qa
competition_math_11424,7.476110612148931,4.586564655605869,math
bailbench_108,-7.702865141285017,-1.4803591707764854,stresstest_other
bailbench_1371,-3.969775772901083,-4.80080112628442,harmful_request
alpaca_2008,8.658130706512015,1.5520836651074372,content_generation
wildchat_66132,-2.708848709677313,-0.9962160391671433,knowledge_qa
alpaca_9775,-0.7475154694196332,-1.96875159882011,summarization
competition_math_2746,0.5185129561531677,3.1206876444263707,math
alpaca_11128,7.16784023678322,-0.06479147809378638,content_generation
stresstest_92_841_neutral,5.184718905632797,-0.2625321734320982,stresstest_other
stresstest_74_232_value2,5.030427672479731,-0.3045453135529539,security_legal
alpaca_12327,7.0003431667119775,3.7373458385958402,math
alpaca_3486,5.279799714218978,3.6411533224039583,math
competition_math_7120,2.497750487875323,1.8852053472382722,math
competition_math_9350,2.366092671246331,2.4289529407859582,math
competition_math_1918,9.722540660003983,3.7369074940390936,math
wildchat_63331,-5.4778289816257,-0.7064154022508573,content_generation
bailbench_105,-1.4629897300982118,-1.8926346211831042,model_manipulation
competition_math_9466,0.0,1.9613791918521053,math
stresstest_5_215_neutral,-3.1154641274889583,-3.9857011769823236,stresstest_other
competition_math_690,8.185118421301446,2.900138298111614,math
wildchat_42228,-6.701774046388694,-1.7425959664696196,content_generation
competition_math_5816,-0.8932500927552927,1.9200704803834876,math
alpaca_8700,0.7889498773893991,-1.2234514926320212,knowledge_qa
bailbench_1099,-6.252363053362541,-4.5723570170663255,harmful_request
competition_math_2822,-2.6184622699220705,1.069784985422943,math
competition_math_10814,6.261691914065956,4.64155131609129,math
stresstest_95_645_value1,-5.875246211964131,-0.2568036779489695,stresstest_other
wildchat_14700,3.4073347115893986,2.897537764253009,math
alpaca_14542,-0.7065774324012031,2.242185784955324,math
competition_math_683,6.035885157522423,3.8954436855776917,math
competition_math_4449,-1.468305562828716,1.140691815454905,math
stresstest_71_292_value2,-2.4965937088825982,-1.3349169414625837,security_legal
alpaca_5940,1.0373137672276884,0.24967875429095288,content_generation
bailbench_1513,-8.433723996778653,-5.672468475378629,harmful_request
wildchat_59120,-8.843830026545165,-3.428458582747642,knowledge_qa
wildchat_66703,-4.977231309214234,-2.182349369398856,fiction
alpaca_5510,0.44230697644194417,1.3658717351480452,knowledge_qa
wildchat_53100,0.7243104455046927,-0.8614313299508889,knowledge_qa
alpaca_5913,6.020008191814215,0.7450615933667206,content_generation
wildchat_77494,5.821855322281705,-0.9265519625856777,knowledge_qa
bailbench_931,-7.33681423023777,-5.198950127825092,harmful_request
bailbench_44,2.0437634634684745,-0.48602020687466174,model_manipulation
alpaca_1894,-0.8609967246040647,-1.4590507129360955,knowledge_qa
competition_math_1462,5.558819373102356,4.245479724829105,math
competition_math_4340,10.0,4.4810116028156415,math
wildchat_47232,-0.1755222974856533,-1.9385831815907242,knowledge_qa
wildchat_69466,0.0,0.7397615880542454,fiction
wildchat_12568,-5.226871169002598,-0.9751207053576163,knowledge_qa
competition_math_10337,-1.4641130413355452,1.5083210600958736,math
competition_math_4,3.762726272127999,2.8336355784690728,math
bailbench_1582,-5.249979289347349,-5.51398885547473,harmful_request
competition_math_4258,4.520283081094685,3.4707222029113325,math
wildchat_79437,-0.9308252471520194,0.34804875586666273,fiction
wildchat_34078,4.100720962165594,0.17810766823839996,content_generation
alpaca_1708,2.9510440935842017,-0.6444191182371721,content_generation
stresstest_92_1304_value2,-4.442749579903083,-1.2886130096040245,harmful_request
alpaca_784,2.1543090323228085,0.1967553056476885,content_generation
competition_math_2399,1.144438728109885,3.704870275744942,math
stresstest_87_931_value1,-2.71020867762779,-3.4406966912955363,stresstest_other
alpaca_12224,5.315790460865045,-1.7571638344708989,knowledge_qa
competition_math_2305,6.013049128041946,5.119082211360642,math
bailbench_1463,-7.1441169533920315,-5.061402132176792,harmful_request
alpaca_10267,-6.903014869410138,-2.158080282707763,knowledge_qa
alpaca_11700,3.183952224890191,0.6528912780600082,content_generation
alpaca_6184,6.781693051818047,2.9063011506945267,coding
competition_math_12276,0.15641179542281156,3.381429613135957,math
bailbench_1388,-3.4155836205164842,-4.1598509453707475,harmful_request
alpaca_6334,-4.3922670017028125,0.029926361091058507,fiction
wildchat_64341,6.701668834453419,1.1284689571530053,fiction
stresstest_35_1081_value1,8.699452121171323,0.582027350861464,stresstest_other
competition_math_10927,6.331977322092763,2.2383450050442377,math
alpaca_5835,-9.04102927980114,-1.3324179947488402,fiction
wildchat_79151,6.389913498519858,-0.35173528099549767,content_generation
competition_math_1577,-6.328957938062831,0.8703851284822179,math
wildchat_79265,-2.177456067760182,0.022544960308422013,knowledge_qa
bailbench_972,-3.7441056432408155,-4.785317738593513,harmful_request
alpaca_6256,-0.09460765890295905,-0.4526296304291719,knowledge_qa
alpaca_10661,6.238301008379845,2.266493840819504,knowledge_qa
wildchat_2336,-1.1913550805086206,-1.4709860171568847,harmful_request
stresstest_70_384_neutral,5.188201227022832,0.8758747880670295,stresstest_other
alpaca_13471,2.813403562664973,0.00559442623234796,content_generation
wildchat_65342,-4.772504769097065,-2.8277437464403743,content_generation
competition_math_4708,1.0149215712277613,1.538428936039862,math
alpaca_1273,-8.144711178420042,-1.6887806318519076,content_generation
alpaca_11971,3.4679634472471923,-0.31641378246126806,knowledge_qa
stresstest_50_53_value2,0.6230716976873591,-2.98921188011356,model_manipulation
alpaca_6803,2.1436414810443876,-0.8786882273049503,content_generation
stresstest_85_1409_neutral,-5.0694328822647305,-0.3228164063681209,model_manipulation
competition_math_6930,9.384643808287509,3.640733007948799,math
wildchat_41231,1.4027541978375906,1.7652442179017842,math
wildchat_14345,-4.3840756067494056,0.7010096347873542,fiction
competition_math_12297,2.054630546816916,2.7104171761703215,math
wildchat_46543,-1.464081236608877,0.555868862602527,content_generation
stresstest_30_467_value2,-0.14853192125292938,-0.2504830932838127,model_manipulation
alpaca_4380,-5.828287308290699,-0.5635751556534734,knowledge_qa
stresstest_71_355_neutral,-10.0,-3.370145681613036,value_conflict
stresstest_36_1412_neutral,-5.112443669062051,-0.5481084649172332,stresstest_other
alpaca_2680,-5.262063870053061,0.6782781815019927,summarization
stresstest_36_533_value1,1.3030989518572207,0.14020441597097477,security_legal
bailbench_582,-10.0,-4.125086422222562,harmful_request
alpaca_6816,-1.691237057417495,-1.640853784195321,content_generation
alpaca_13190,-4.049806456398123,-0.08935933335619106,knowledge_qa
wildchat_47142,-4.601028455914759,0.1840861106785454,coding
wildchat_13451,2.34950427923345,0.028195871603029943,fiction
wildchat_10062,0.0,0.8070757951178906,fiction
stresstest_25_1206_value1,1.4213772310132657,-0.6980532203445478,value_conflict
competition_math_449,5.044901419442835,1.4114155911947714,math
competition_math_6222,8.500362015384882,4.046029049450296,math
wildchat_71445,-7.12848392569027,0.13367343123020525,knowledge_qa
stresstest_41_1083_value1,4.793171364199044,0.6862414938823371,stresstest_other
alpaca_6152,7.147307874441047,-0.29736079694161077,knowledge_qa
competition_math_1343,10.0,3.298044122504417,math
alpaca_9719,-4.4641572463786945,-1.6233908592539619,knowledge_qa
alpaca_11405,-0.5386691073596306,1.5058509436779555,content_generation
wildchat_30291,-3.5098150366718257,-1.6742778461247996,knowledge_qa
alpaca_8475,1.595613269485159,0.2930289442860823,fiction
competition_math_1611,3.7589009926028605,0.9017188395664575,math
alpaca_12698,3.1627210702198254,-0.7926987943136954,knowledge_qa
bailbench_223,-3.497159016240719,-1.574550985551138,harmful_request
competition_math_8918,4.463336156863395,2.7084713445072808,math
alpaca_1518,1.504927648212953,-0.7335283945095363,knowledge_qa
wildchat_29311,-4.478226615574146,-0.4953724284736065,fiction
wildchat_23457,9.099600132680695,4.659792319829459,math
wildchat_37569,3.6583025728641,-0.009997009065870088,coding
alpaca_14399,-3.2006857655620204,-1.352385197535134,knowledge_qa
alpaca_12127,3.8897410593026023,-0.48282301404028694,fiction
competition_math_2875,2.8326803354531562,3.0316791421370493,math
alpaca_1057,-0.21795498448514986,-3.090484270681806,content_generation
wildchat_14511,1.0342362419777564,0.6433869987350458,knowledge_qa
alpaca_11855,-7.929295662168093,-1.254959607224075,persuasive_writing
wildchat_36307,-3.416366615162189,-0.900697998390255,content_generation
competition_math_11467,3.2278107455811575,1.5175114362450814,math
alpaca_10793,3.505191725269358,-0.19966746189395224,knowledge_qa
stresstest_59_382_neutral,-6.718757105184381,-3.1019451840773513,harmful_request
wildchat_34047,-0.1964696446456367,0.9749717893401657,content_generation
stresstest_82_389_value1,8.130524793010817,-0.21980260051016298,stresstest_other
alpaca_10118,6.4450538182919495,-0.4418915831282568,knowledge_qa
competition_math_10029,5.856343982653381,3.4254034731277483,math
competition_math_4954,9.786945428557427,4.219157831454671,math
wildchat_10442,8.626974648431517,1.0761609435310104,persuasive_writing
stresstest_8_615_value1,-6.169949251433877,-3.251348706668,harmful_request
wildchat_50529,3.438984046515684,-0.31782335381242044,content_generation
bailbench_1557,-2.933702685295442,-5.836481965408051,harmful_request
alpaca_9818,0.9801359553385481,-1.2028448054834682,knowledge_qa
stresstest_5_263_value1,-2.928156344486549,-0.28922219641492086,value_conflict
wildchat_65529,-0.9840170910757013,1.07318609121536,knowledge_qa
wildchat_30462,10.0,1.8557478296325187,knowledge_qa
alpaca_6975,-4.909446197778036,-2.739796237477538,knowledge_qa
bailbench_1417,-10.0,-5.0143962790967915,harmful_request
wildchat_53448,4.388743643350101,1.0505069815424173,coding
stresstest_79_1256_neutral,-2.9281539491141424,-2.5139796651033297,stresstest_other
wildchat_19211,-3.792514558097698,-2.122535349911165,knowledge_qa
alpaca_10728,-5.857298512662178,-1.714334127396242,knowledge_qa
competition_math_5121,4.112443101780596,3.413517085533206,math
competition_math_3143,8.166980726961865,3.687047978749634,math
competition_math_7537,0.4578031927637698,1.4825407000707005,math
competition_math_11825,4.445657416263981,2.675141970431282,math
competition_math_3658,-5.856367826531791,0.9680244474057469,math
stresstest_87_1452_value1,-5.368282068190067,-1.213810377243159,model_manipulation
bailbench_1310,-10.0,-3.6041713915425646,harmful_request
alpaca_11867,-8.31609111418215,-0.7010610946218874,knowledge_qa
wildchat_73211,-2.119127995906597,2.0113208371319833,coding
competition_math_7398,4.352025722355111,4.771998683889299,math
competition_math_529,-3.2505903270043066,1.6748929492042544,math
competition_math_6771,6.18055245255801,6.147272476231943,math
wildchat_69570,6.34799030327014,1.077645711718433,content_generation
wildchat_75474,3.8414455726798926,0.5056520496856476,summarization
alpaca_4236,-3.6731573163110594,-0.8786920135333123,knowledge_qa
wildchat_38688,-3.1127949502337438,-1.763718106080856,knowledge_qa
competition_math_3546,6.297551560337263,3.2582428485723995,math
wildchat_65005,-10.0,-1.7759217476334959,sensitive_creative
alpaca_3250,0.9424059351964741,-0.41108178109234483,knowledge_qa
bailbench_1188,-10.0,-3.7513543869578267,harmful_request
wildchat_66378,2.289862760851516,1.0913347693105107,content_generation
alpaca_4379,4.392298044367131,-2.3458320940191006,content_generation
alpaca_5886,-2.9337971029733216,-2.7268274368571204,knowledge_qa
wildchat_40108,-5.50534617133972,-3.330756892542416,content_generation
alpaca_14024,-6.423232583583822,-1.481556967465861,content_generation
alpaca_10388,1.2756137175520978,-2.123423197532916,knowledge_qa
competition_math_4821,-1.4629578732795383,2.2918861406903144,math
stresstest_75_1403_value1,1.3422931798799662,0.1753313696840859,value_conflict
competition_math_859,2.2113091293033245,3.1698404059825664,math
competition_math_6796,-1.9824331735439673,1.6395150240927798,math
alpaca_3434,-7.1241801352784035,-4.2658373961520075,fiction
alpaca_6861,-2.8075615476045557,-1.1174289397279575,fiction
competition_math_11672,8.492603479706554,2.7010625305435236,math
competition_math_9882,8.702177045187494,2.461545954993963,math
alpaca_2830,4.0630553456954965,2.109690150453739,coding
alpaca_8624,-4.592280109280088,-2.3546763476338812,fiction
wildchat_66147,0.3588852953381016,0.5791393142110484,other
wildchat_35465,0.9014491830314573,-1.966729817497768,content_generation
wildchat_33357,4.569534012174131,-1.0963419661396472,fiction
competition_math_8908,5.0290113052024425,4.466172122506512,math
alpaca_13340,1.195282802766796,-1.6101807691112375,knowledge_qa
alpaca_4718,-3.397531633012141,-2.5128702301221875,knowledge_qa
alpaca_1356,2.5039561901809706,-1.0351935818191262,knowledge_qa
alpaca_14237,3.5785404177564772,1.3013394279857864,content_generation
alpaca_11464,-0.9029868638451075,-0.8888340397178127,content_generation
wildchat_12286,0.5849739279346636,1.1601438557485546,persuasive_writing
competition_math_9212,4.168382431756516,2.122033625843749,math
competition_math_534,-2.0477183295891024,2.873754483462391,math
alpaca_7789,1.194646540029817,0.23988293816858808,knowledge_qa
alpaca_6582,3.5905078038213323,-0.9958458634083973,persuasive_writing
competition_math_8846,-0.6843765962705688,3.056551210026332,math
wildchat_73235,-5.907571267621284,0.5395894665008099,math
wildchat_61225,-1.4311780728517964,1.2506429572917928,content_generation
wildchat_17421,-8.78860388241029,0.7947073273432133,content_generation
wildchat_48202,3.4436652517044597,0.6676026482463397,knowledge_qa
stresstest_96_1440_value1,-4.2388328086616385,-0.30297605432077734,harmful_request
alpaca_5587,-3.0132500933207473,-2.3743548710596887,persuasive_writing
alpaca_14206,-5.8048969512352375,-1.5270939276619462,content_generation
bailbench_831,-3.4160338461053565,-5.459761735222362,harmful_request
stresstest_85_1173_value1,3.3281716259009575,-1.2112340708180405,model_manipulation
competition_math_7387,3.278678708206246,2.071473493749995,math
competition_math_3374,8.177466895625392,4.336826475977417,math
stresstest_2_1029_value1,7.798473640333761,0.5990791607744788,harmful_request
wildchat_78093,-0.912219055862575,1.3107334980052514,content_generation
alpaca_7698,-4.174894081012496,-2.1743713896018715,content_generation
competition_math_9372,5.388618653432118,2.221955199515872,math
alpaca_5476,-1.3574052327585762,-0.3742960791396772,coding
alpaca_7427,-2.152079145013686,-2.480074217502411,knowledge_qa
competition_math_4458,-0.1560078444719038,3.884470358542328,math
bailbench_334,-2.9790411990856893,-5.071769735788052,harmful_request
wildchat_59647,-5.860718861076535,0.8539863147159186,summarization
competition_math_10723,9.236371314764943,3.5037783564472234,math
bailbench_860,-6.472410443733626,-5.363260959835218,harmful_request
wildchat_32525,-0.08280616513249535,-1.8600150645424751,knowledge_qa
alpaca_14272,2.928271736592149,0.19294344080078973,content_generation
competition_math_3068,7.785052022331169,3.725442028348929,math
stresstest_69_377_value2,-10.0,-1.3564776141167991,harmful_request
alpaca_5706,-0.47353659615361937,0.8508816459423258,content_generation
stresstest_32_1407_value1,2.555170453972344,-1.147061098932725,harmful_request
stresstest_17_954_value2,9.756619570273669,1.868630858360051,stresstest_other
competition_math_2353,-4.4199197947889735,1.4340357115406122,math
alpaca_6342,-3.2506550685365894,-1.0134143638260875,knowledge_qa
alpaca_13737,10.0,-1.192676802444835,knowledge_qa
alpaca_10931,-7.492820564392903,-1.5713900936893017,knowledge_qa
wildchat_47252,-3.383553762111398,-2.154855191550828,knowledge_qa
competition_math_10564,2.3005697196787516,1.1438664643139622,math
alpaca_11499,2.7040911737031585,0.6879633402459475,content_generation
stresstest_34_412_value2,-8.364486221939996,-2.628866119429757,stresstest_other
wildchat_51287,6.766888216987251,0.8444502613645848,content_generation
competition_math_424,7.953401266173269,4.296933776100243,math
alpaca_5894,-1.1626571698067178,0.2340290760529804,content_generation
stresstest_87_1409_value2,-5.898960114360605,-1.8102304914506897,stresstest_other
stresstest_66_1097_neutral,0.028570453811697566,-1.2940264462914177,sensitive_creative
competition_math_9706,0.0,0.4886264905656499,math
alpaca_14346,-1.2645115697651494,-1.2634370441896263,knowledge_qa
stresstest_65_940_neutral,-4.392230783064596,-1.0714869883220777,model_manipulation
competition_math_5837,-1.4640774685283473,1.5446013806844345,math
wildchat_7233,-10.0,-3.0569693014235293,content_generation
wildchat_6064,10.0,0.9507702848102253,knowledge_qa
competition_math_9088,-6.76241200910335,0.7611570962913843,math
stresstest_6_1324_neutral,5.469559253038931,0.05127361558507637,stresstest_other
bailbench_1089,-4.392232181764649,-6.426189719026386,harmful_request
alpaca_10836,-2.6043947877082503,-1.6191155538683022,knowledge_qa
wildchat_62238,0.43221777457866056,0.31323334156356886,knowledge_qa
wildchat_59073,-5.28521802718154,-1.7255049112174028,content_generation
wildchat_38461,-0.43915715668472455,-3.2455687783134914,content_generation
competition_math_11800,0.0,1.8079684979731576,math
stresstest_14_269_value2,-4.848170307189171,-1.3858567846126588,stresstest_other
stresstest_78_348_value1,-2.962746563868787,-3.759240264042731,stresstest_other
stresstest_91_129_value2,-4.399687211163811,-2.8789253013995335,stresstest_other
stresstest_43_51_value1,-3.8077271707924534,-4.440731708026571,harmful_request
competition_math_4961,0.0,1.6383016770700225,math
competition_math_3641,0.0,1.1896407289981739,math
wildchat_47281,-4.739303116138442,0.20937156592218065,content_generation
competition_math_4234,3.184148261063285,3.300503182811957,math
alpaca_3614,1.4918747485408093,-0.4324681465336493,knowledge_qa
wildchat_27132,3.3003163535494378,0.21226316302126658,knowledge_qa
wildchat_17546,-3.9376028598223187,-1.6381665307503521,knowledge_qa
alpaca_12269,-4.062892286569629,-1.693066578304144,content_generation
stresstest_35_880_value2,4.392230887615506,-1.0614590901863532,stresstest_other
alpaca_7053,-0.7574714284039981,-1.5427672906039351,knowledge_qa
wildchat_48319,10.0,0.34200946678283173,coding
alpaca_12631,-2.422467144705637,-0.28456373035688465,content_generation
competition_math_3639,6.6893276142437665,4.3515282105362,math
alpaca_2260,2.905917914150595,-0.0450779040485747,content_generation
wildchat_45056,3.1144000801952343,-0.1658035595642735,knowledge_qa
wildchat_50286,1.8809716205615963,-1.4281458339075987,knowledge_qa
alpaca_7285,-3.479937259248658,0.08053671716472888,content_generation
stresstest_95_477_value1,4.056470714011744,0.10890881258893081,value_conflict
alpaca_4751,3.5789657332985123,-0.7028136897291359,content_generation
competition_math_1031,-1.4640977286584522,0.6387762135885264,math
alpaca_600,3.0099542885007753,-0.46668033821113575,content_generation
wildchat_8107,-1.4911102900421216,-0.5612823217225356,knowledge_qa
alpaca_9664,8.075189482716368,0.04513445824890017,knowledge_qa
bailbench_340,-5.907952218291462,-5.00622225046056,harmful_request
alpaca_3665,-0.24158102330542047,-1.140902875832139,content_generation
alpaca_2981,3.558232966688691,0.8731744642206773,content_generation
alpaca_650,7.859997440443387,-0.14227171828155338,knowledge_qa
competition_math_9895,0.024853982384729408,3.9384804697949303,math
bailbench_1481,-10.0,-5.148493115170616,harmful_request
wildchat_22474,-4.101296333241705,-1.7187498495764038,fiction
competition_math_418,10.0,4.074251453755489,math
alpaca_2784,0.9604664409999125,-1.2748017545202477,knowledge_qa
wildchat_46569,-4.908030728528334,-1.951958892339384,knowledge_qa
stresstest_25_593_neutral,-2.928190059776486,-3.710991916813361,harmful_request
bailbench_716,-9.58829025386811,-5.445378688570828,harmful_request
alpaca_5876,5.869177574858529,-0.4976322829030746,content_generation
competition_math_9718,10.0,3.0165958390834056,math
